config,N,L,xi,s,rc,kc,eta_N,p,neighbors,M,h_m,h,eta_actual,n_modes,n_excluded,W2min,q,qp,q_actual_p,mesh_imag_rel,err_abs,err_2,err_F,action_err_median,action_err_max,trans_resid,sym_resid,lam_star,lam_h,weyl_bound,weyl_holds,certified,indefinite,psd_observed,psd_class,eps_S,eps_F,eps_alias,eps_transfer,eps_mesh,budget_sum,budget_ratio,dominant,exp_real,exp_fourier,E_S_cont,E_F_cont,pred_S_rel,pred_F_rel,literal_action_vs_matrix,t_build,ref_split_err,tol,rule
A,30,6.0,1.0,2.628260884878466,2.628260884878466,5.256521769756932,0.5,2,151,21,0.2988280835879677,0.2857142857142857,0.47805795607255624,515,0,0.6837141281721757,0.3333333333333333,0.1111111111111111,0.09866539782408233,3.787859918982065e-16,0.006620858689356001,0.0016818838320563285,0.0025407868032267704,0.002628921823631113,0.003577233946117043,2.827835897454408e-17,5.828364035061674e-17,0.11899757291769097,0.11897905196916712,0.11237671422833498,True,True,False,True,A,0.0003994675844165833,0.00023711883321324038,1.843571473258084e-05,0.0016832481442455938,0.0016816874981688487,0.0023382702766079986,1.390268597652877,eps_transfer,0.0009999999999999994,0.0009999999999999994,0.006593690668371562,0.0011841419313164151,0.0005247092315451186,0.020353900502670236,3.333647512193886e-16,0.11673816500001521,9.991870944306319e-16,0.001,s0
A,30,6.0,1.0,2.628260884878466,2.628260884878466,5.256521769756932,0.5,3,151,21,0.2988280835879677,0.2857142857142857,0.47805795607255624,515,0,0.5653427554342466,0.3333333333333333,0.03703703703703703,0.030991836126129838,3.631356832416152e-16,0.0016016345780940318,0.00040686011107431266,0.0007586296756207585,0.0008058756351203029,0.001059196163867418,4.028424387667627e-17,4.9899027451065976e-17,0.11899757291769097,0.11891136417150763,0.11739593833959694,True,True,False,True,A,0.0003994675844165833,0.00023711883321324038,5.743709605864374e-07,0.0001960551676396139,0.00019609088943673073,0.000833215956230024,2.0479175361524633,eps_S,0.0009999999999999994,0.0009999999999999994,0.006593690668371562,0.0011841419313164151,0.0005247092315451186,0.020353900502670236,2.993939784010663e-16,0.07854654899995239,9.991870944306319e-16,0.001,s0
A,30,6.0,1.0,2.628260884878466,2.628260884878466,5.256521769756932,0.5,4,151,21,0.2988280835879677,0.2857142857142857,0.47805795607255624,515,0,0.46746500906223826,0.3333333333333333,0.012345679012345677,0.00973486072778443,2.275667996334432e-16,0.0016221127937859998,0.0004120621523045618,0.0007222060111283078,0.0007313793685328426,0.0010393317263167662,3.4526274711727844e-17,5.71988895089542e-17,0.11899757291769097,0.11892702193226291,0.11737546012390497,True,True,False,True,A,0.0003994675844165833,0.00023711883321324038,2.5884949601209888e-08,2.1850341616196915e-05,2.1864972111323753e-05,0.0006584626441956218,1.5979692396232048,eps_S,0.0009999999999999994,0.0009999999999999994,0.006593690668371562,0.0011841419313164151,0.0005247092315451186,0.020353900502670236,2.4787198385020704e-16,0.07482143699996868,9.991870944306319e-16,0.001,s0
A,30,6.0,1.0,2.628260884878466,2.628260884878466,5.256521769756932,0.5,5,151,21,0.2988280835879677,0.2857142857142857,0.47805795607255624,515,0,0.38653282915018145,0.3333333333333333,0.004115226337448558,0.0030578218406833667,2.0970501441789734e-16,0.0016347138412939912,0.0004152631718497661,0.000723498849418638,0.0007469895234426188,0.001023981012726531,4.0192593090785477e-17,5.433739580053337e-17,0.11899757291769097,0.11892783835422427,0.11736285907639699,True,True,False,True,A,0.0003994675844165833,0.00023711883321324038,1.4921530966514749e-09,4.792615725822729e-06,4.792771953362156e-06,0.0006413805255087431,1.5445157889917136,eps_S,0.0009999999999999994,0.0009999999999999994,0.006593690668371562,0.0011841419313164151,0.0005247092315451186,0.020353900502670236,3.510504740583563e-16,0.07179370999995172,9.991870944306319e-16,0.001,s0
A,30,6.0,1.0,2.628260884878466,2.628260884878466,5.256521769756932,0.5,6,151,21,0.2988280835879677,0.2857142857142857,0.47805795607255624,515,0,0.3196124311219864,0.3333333333333333,0.0013717421124828527,0.0009604939064688864,3.6577051273405062e-16,0.001636734190203836,0.00041577639714666654,0.0007239447193144249,0.0006748456637979527,0.0009811502790703453,3.493520764036014e-17,5.607915535005437e-17,0.11899757291769097,0.11892815755631518,0.11736083872748714,True,True,False,True,A,0.0003994675844165833,0.00023711883321324038,1.1449993748951799e-10,7.974701130091166e-07,7.975322364161042e-07,0.0006373840022427704,1.5329970787589728,eps_S,0.0009999999999999994,0.0009999999999999994,0.006593690668371562,0.0011841419313164151,0.0005247092315451186,0.020353900502670236,4.587078256194598e-16,0.07210530299994389,9.991870944306319e-16,0.001,s0
A,30,6.0,1.0,2.628260884878466,2.628260884878466,5.256521769756932,0.6,2,151,17,0.35859370030556126,0.35294117647058826,0.5905421810308048,515,0,0.5563719733045834,0.4285714285714286,0.18367346938775514,0.175548725559677,2.7100949670769984e-16,0.008341797657956765,0.002119050604985423,0.0038278303840920966,0.004029448210460021,0.005235694853788966,4.431383892761082e-17,6.590036565886837e-17,0.11899757291769097,0.11885899731483139,0.1106557752597342,True,True,False,True,A,0.0003994675844165833,0.00023711883321324038,4.381791684353877e-05,0.002066882363156341,0.0020768218774755176,0.0027472866976297034,1.2964705473131457,eps_transfer,0.0009999999999999994,0.0009999999999999994,0.006593690668371562,0.0011841419313164151,0.0005247092315451186,0.020353900502670236,2.811582740707908e-16,0.07053653399998439,9.991870944306319e-16,0.001,s0
A,30,6.0,1.0,2.628260884878466,2.628260884878466,5.256521769756932,0.6,3,151,17,0.35859370030556126,0.35294117647058826,0.5905421810308048,515,0,0.41499978055573633,0.4285714285714286,0.07871720116618078,0.07355234464909914,2.4736271599535693e-16,0.0017111207715148286,0.00043467267545419696,0.00087980107122732,0.0008915263275287599,0.001176384144551704,3.1404037649498376e-17,6.409849681938746e-17,0.11899757291769097,0.11889170244585653,0.11728645214617614,True,True,False,True,A,0.0003994675844165833,0.00023711883321324038,2.129456233164179e-06,0.0003257944542611197,0.00032575564862804207,0.0009645103281241075,2.2189348044854076,eps_S,0.0009999999999999994,0.0009999999999999994,0.006593690668371562,0.0011841419313164151,0.0005247092315451186,0.020353900502670236,3.1293380022299613e-16,0.07263774800003375,9.991870944306319e-16,0.001,s0
A,30,6.0,1.0,2.628260884878466,2.628260884878466,5.256521769756932,0.6,4,151,17,0.35859370030556126,0.35294117647058826,0.5905421810308048,515,0,0.30954977267883615,0.4285714285714286,0.03373594335693462,0.030817355045626785,2.1031993956919105e-16,0.0015608744686194367,0.00039650589988590935,0.0007234101472799556,0.0007419992865893277,0.000993176142774828,3.458447650788626e-17,6.328394966096976e-17,0.11899757291769097,0.11892249870148128,0.11743669844907154,True,True,False,True,A,0.0003994675844165833,0.00023711883321324038,1.741421551016579e-07,6.325226929845148e-05,6.338746859054565e-05,0.0007000128290833768,1.7654537531088403,eps_S,0.0009999999999999994,0.0009999999999999994,0.006593690668371562,0.0011841419313164151,0.0005247092315451186,0.020353900502670236,2.6976675053548074e-16,0.08210365400009323,9.991870944306319e-16,0.001,s0
A,30,6.0,1.0,2.628260884878466,2.628260884878466,5.256521769756932,0.6,5,151,17,0.35859370030556126,0.35294117647058826,0.5905421810308048,515,0,0.23089424682876414,0.4285714285714286,0.014458261438686266,0.01291202036507548,2.639721582945347e-16,0.0016174950489001904,0.0004108891155689357,0.0007227888938339072,0.0007155915339413503,0.0008951291514227639,3.9464183404598094e-17,5.193341666478479e-17,0.11899757291769097,0.11892703389362438,0.11738007786879079,True,True,False,True,A,0.0003994675844165833,0.00023711883321324038,1.9711096722561692e-08,1.2542797385107414e-05,1.2542079608154478e-05,0.0006491489261116537,1.5798640107874666,eps_S,0.0009999999999999994,0.0009999999999999994,0.006593690668371562,0.0011841419313164151,0.0005247092315451186,0.020353900502670236,3.9818100950053465e-16,0.07404754000003777,9.991870944306319e-16,0.001,s0
A,30,6.0,1.0,2.628260884878466,2.628260884878466,5.256521769756932,0.6,6,151,17,0.35859370030556126,0.35294117647058826,0.5905421810308048,515,0,0.1722248178613093,0.4285714285714286,0.006196397759436972,0.005409947403379863,2.619395104747864e-16,0.0016319010409218634,0.0004145486416520005,0.0007237879884640347,0.0007220499430159802,0.000971127506142672,3.2694890206005875e-17,5.063438006309862e-17,0.11899757291769097,0.11892795430288969,0.1173656718767691,True,True,False,True,A,0.0003994675844165833,0.00023711883321324038,2.8821628767681817e-09,3.233901833443414e-06,3.233291185458169e-06,0.0006398232016261438,1.543421295692614,eps_S,0.0009999999999999994,0.0009999999999999994,0.006593690668371562,0.0011841419313164151,0.0005247092315451186,0.020353900502670236,2.6572630180021313e-16,0.07154535200004375,9.991870944306319e-16,0.001,s0
A,30,6.0,1.0,2.628260884878466,2.628260884878466,5.256521769756932,0.7,2,151,15,0.4183593170231548,0.4,0.6692811385015788,515,0,0.46774381647905516,0.5384615384615384,0.28994082840236685,0.25295574472754645,2.5796596063396236e-16,0.012572818298770883,0.0031938485341908925,0.005018137298144819,0.005175326245239939,0.0072757387284012355,3.883397951033567e-17,5.467607392438868e-17,0.11899757291769097,0.11913957710727191,0.10642475461892009,True,True,False,True,A,0.0003994675844165833,0.00023711883321324038,6.72608617987115e-05,0.0032006769737400725,0.0031776832796557566,0.0039045242531686075,1.2225139080234289,eps_transfer,0.0009999999999999994,0.0009999999999999994,0.006593690668371562,0.0011841419313164151,0.0005247092315451186,0.020353900502670236,3.36767370341159e-16,0.06879290100005164,9.991870944306319e-16,0.001,s0
A,30,6.0,1.0,2.628260884878466,2.628260884878466,5.256521769756932,0.7,3,151,15,0.4183593170231548,0.4,0.6692811385015788,515,0,0.31989841060753543,0.5384615384615384,0.15612198452435136,0.12722334801141458,2.1055053546339146e-16,0.0025181843276388875,0.0006396894580460288,0.0011340560441534474,0.001293714789830518,0.0015659293429711317,3.1243200720553125e-17,5.867298350408432e-17,0.11899757291769097,0.1189133306853992,0.1164793885900521,True,True,False,True,A,0.0003994675844165833,0.00023711883321324038,5.55066554237038e-06,0.00046681222407527997,0.0004653573155257229,0.0011089493072474741,1.7335744606997725,eps_transfer,0.0009999999999999994,0.0009999999999999994,0.006593690668371562,0.0011841419313164151,0.0005247092315451186,0.020353900502670236,3.5219877926247146e-16,0.06999070700010179,9.991870944306319e-16,0.001,s0
A,30,6.0,1.0,2.628260884878466,2.628260884878466,5.256521769756932,0.7,4,151,15,0.4183593170231548,0.4,0.6692811385015788,515,0,0.21878427785439203,0.5384615384615384,0.08406568397465074,0.06398660879066764,2.358683397776491e-16,0.0017129396299658292,0.0004351347165224431,0.000747940954578735,0.0006441565813344709,0.0009860560327707279,2.922460285277939e-17,5.789040752194673e-17,0.11899757291769097,0.11892484921849955,0.11728463328772515,True,True,False,True,A,0.0003994675844165833,0.00023711883321324038,7.412517887316883e-07,0.00010657436389815713,0.00010664780608110013,0.0007439020333167125,1.7095901684469343,eps_S,0.0009999999999999994,0.0009999999999999994,0.006593690668371562,0.0011841419313164151,0.0005247092315451186,0.020353900502670236,2.4327454349742555e-16,0.0739650000000438,9.991870944306319e-16,0.001,s0
A,30,6.0,1.0,2.628260884878466,2.628260884878466,5.256521769756932,0.7,5,151,15,0.4183593170231548,0.4,0.6692811385015788,515,0,0.1496305034631525,0.5384615384615384,0.04526613752481193,0.032181876742959185,2.6808930857528453e-16,0.001650698234483189,0.00041932365610588884,0.0007254749551050763,0.0007114688367355431,0.0010596873728276987,2.7059294789283934e-17,6.52396496057433e-17,0.11899757291769097,0.11892681755431228,0.11734687468320779,True,True,False,True,A,0.0003994675844165833,0.00023711883321324038,1.2513011609801887e-07,2.66137626668185e-05,2.658151715752768e-05,0.0006633253104127402,1.5818933674594198,eps_S,0.0009999999999999994,0.0009999999999999994,0.006593690668371562,0.0011841419313164151,0.0005247092315451186,0.020353900502670236,3.700462163346688e-16,0.06924583299996812,9.991870944306319e-16,0.001,s0
A,30,6.0,1.0,2.628260884878466,2.628260884878466,5.256521769756932,0.7,6,151,15,0.4183593170231548,0.4,0.6692811385015788,515,0,0.10233499310922735,0.5384615384615384,0.024374074051821806,0.016185780279233505,2.3378707267485135e-16,0.001640354148577916,0.0004166959681189137,0.000724207740503617,0.0007668002682707071,0.0012593565277837376,2.8233550836330345e-17,5.34478109012267e-17,0.11899757291769097,0.11892798973587178,0.11735721876911306,True,True,False,True,A,0.0003994675844165833,0.00023711883321324038,2.7433219292856035e-08,8.403408294581835e-06,8.393641496003228e-06,0.0006450172591436985,1.5479325659316867,eps_S,0.0009999999999999994,0.0009999999999999994,0.006593690668371562,0.0011841419313164151,0.0005247092315451186,0.020353900502670236,2.3006171682449803e-16,0.07668240100008461,9.991870944306319e-16,0.001,s0
A,30,6.0,1.0,2.628260884878466,2.628260884878466,5.256521769756932,0.8,2,151,13,0.4781249337407484,0.46153846153846156,0.7722474675018217,515,0,0.35856716900863145,0.6666666666666667,0.44444444444444453,0.3956319059533778,3.030469349480653e-16,0.022634562196054652,0.0057498137310223385,0.00740551292871792,0.00783840412276118,0.010848422376547012,2.608710996600946e-17,5.801401141437837e-17,0.11899757291769097,0.11840178301817329,0.09636301072163632,True,True,False,True,A,0.0003994675844165833,0.00023711883321324038,0.00016354357981368463,0.005692563754000046,0.005783441290399556,0.006492693751443554,1.1292007106966104,eps_transfer,0.0009999999999999994,0.0009999999999999994,0.006593690668371562,0.0011841419313164151,0.0005247092315451186,0.020353900502670236,2.989465229645865e-16,0.07625551800003905,9.991870944306319e-16,0.001,s0
A,30,6.0,1.0,2.628260884878466,2.628260884878466,5.256521769756932,0.8,3,151,13,0.4781249337407484,0.46153846153846156,0.7722474675018217,515,0,0.21471173608810729,0.6666666666666667,0.2962962962962964,0.24884960881631762,2.7514883180312413e-16,0.003893176956125435,0.0009889761562753634,0.0016808857508639119,0.0018445808388258028,0.002611281450980545,3.169679450186735e-17,5.2173712367560154e-17,0.11899757291769097,0.1188639976955515,0.11510439596156553,True,True,False,True,A,0.0003994675844165833,0.00023711883321324038,1.9873744796576607e-05,0.0010007150981623158,0.0010117334276984761,0.0016571752605887163,1.6756473349467733,eps_transfer,0.0009999999999999994,0.0009999999999999994,0.006593690668371562,0.0011841419313164151,0.0005247092315451186,0.020353900502670236,4.3182401767396133e-16,0.07665134400008355,9.991870944306319e-16,0.001,s0
A,30,6.0,1.0,2.628260884878466,2.628260884878466,5.256521769756932,0.8,4,151,13,0.4781249337407484,0.46153846153846156,0.7722474675018217,515,0,0.12857041469086447,0.6666666666666667,0.19753086419753096,0.1565246050083024,2.461098831110133e-16,0.0016053105393542657,0.0004077939083506074,0.0008281726391531993,0.0008353062019680716,0.0012233281739484115,2.6564171849779742e-17,5.867830771637018e-17,0.11899757291769097,0.11891952561453914,0.1173922623783367,True,True,False,True,A,0.0003994675844165833,0.00023711883321324038,3.7754703061706887e-06,0.00034063656814261565,0.00034210055428123524,0.00098099845607861,2.405623124794647,eps_S,0.0009999999999999994,0.0009999999999999994,0.006593690668371562,0.0011841419313164151,0.0005247092315451186,0.020353900502670236,4.766882370003415e-16,0.09320568999999068,9.991870944306319e-16,0.001,s0
A,30,6.0,1.0,2.628260884878466,2.628260884878466,5.256521769756932,0.8,5,151,13,0.4781249337407484,0.46153846153846156,0.7722474675018217,515,0,0.07698857936204104,0.6666666666666667,0.13168724279835398,0.09845284503175224,2.2974364418864063e-16,0.0016249503478280862,0.00041278297062887425,0.0007339506522168817,0.0007124397799742857,0.0010615958076400686,3.3350872810220505e-17,6.434186064177762e-17,0.11899757291769097,0.11892380585510956,0.11737262256986289,True,True,False,True,A,0.0003994675844165833,0.00023711883321324038,1.0382779561840816e-06,9.841354411823987e-05,9.86747178525931e-05,0.0007360382397042476,1.7831119306663608,eps_S,0.0009999999999999994,0.0009999999999999994,0.006593690668371562,0.0011841419313164151,0.0005247092315451186,0.020353900502670236,3.416035245472665e-16,0.08399944699999651,9.991870944306319e-16,0.001,s0
A,30,6.0,1.0,2.628260884878466,2.628260884878466,5.256521769756932,0.8,6,151,13,0.4781249337407484,0.46153846153846156,0.7722474675018217,515,0,0.04610112961396904,0.6666666666666667,0.08779149519890267,0.06192612780803431,2.238451849745559e-16,0.0016261761847175377,0.00041309436758534777,0.0007237987630477462,0.0007644497722706616,0.0010306111131472054,4.0540774015307596e-17,6.401807450647912e-17,0.11899757291769097,0.11892658830258097,0.11737139673297343,True,True,False,True,A,0.0003994675844165833,0.00023711883321324038,3.497862215879518e-07,3.680197048487773e-05,3.683814415577301e-05,0.0006737381743362893,1.6309546370106123,eps_S,0.0009999999999999994,0.0009999999999999994,0.006593690668371562,0.0011841419313164151,0.0005247092315451186,0.020353900502670236,3.9609423902979735e-16,0.08298279600001024,9.991870944306319e-16,0.001,s0
A,30,6.0,1.0,3.393070212207556,3.393070212207556,6.786140424415112,0.5,2,305,26,0.2314712382230554,0.23076923076923078,0.4984835967975681,1141,0,0.6666434228030894,0.3333333333333333,0.1111111111111111,0.11021522252866187,2.246166032451691e-16,0.0035250700209291325,0.0008954666687870135,0.0015770668144463264,0.0014187775968894818,0.0021355601209376513,4.1702747903768806e-17,4.69921328081192e-17,0.11899757291769097,0.11893438045180643,0.11547250289676184,True,True,False,True,A,5.712123873840356e-06,2.8502930929215536e-06,6.666312577763444e-06,0.0008913298518816154,0.0008960272642927125,0.0009065585814261408,1.0123867398148412,eps_transfer,1.0000000000000016e-05,1.0000000000000016e-05,8.51241804954879e-05,1.5287206598447908e-05,6.773967051251801e-06,0.00026276772559068255,2.2429478054440136e-16,0.1046991270000035,9.991870944306319e-16,1e-05,s0
A,30,6.0,1.0,3.393070212207556,3.393070212207556,6.786140424415112,0.5,3,305,26,0.2314712382230554,0.23076923076923078,0.4984835967975681,1141,0,0.5443025863972494,0.3333333333333333,0.03703703703703703,0.036589996906297356,2.496405082262945e-16,0.00039136986532004037,9.941892429966124e-05,0.00015058222995398835,0.00014652318720225204,0.00019762889097387805,3.286651189459964e-17,4.885243195860688e-17,0.11899757291769097,0.11899954911935608,0.11860620305237093,True,True,False,True,A,5.712123873840356e-06,2.8502930929215536e-06,1.1987620295459597e-07,0.00010134689295449689,0.00010131112226266778,0.00011002918612421339,1.1067227582605046,eps_transfer,1.0000000000000016e-05,1.0000000000000016e-05,8.51241804954879e-05,1.5287206598447908e-05,6.773967051251801e-06,0.00026276772559068255,2.740627657580005e-16,0.10772887900009209,9.991870944306319e-16,1e-05,s0
A,30,6.0,1.0,3.393070212207556,3.393070212207556,6.786140424415112,0.5,4,305,26,0.2314712382230554,0.23076923076923078,0.4984835967975681,1141,0,0.44441345316661857,0.3333333333333333,0.012345679012345677,0.012147395277042453,2.6304093044625744e-16,3.5267848077898184e-05,8.959022727519565e-06,1.854271794408769e-05,1.8912956826892218e-05,2.246194011836625e-05,3.0773457062517185e-17,5.4071951158913346e-17,0.11899757291769097,0.11899547573048465,0.11896230506961307,True,True,False,True,A,5.712123873840356e-06,2.8502930929215536e-06,3.6325693155208326e-09,9.334030618685453e-06,9.333933810021386e-06,1.7900080154762884e-05,1.9979947254491206,eps_transfer,1.0000000000000016e-05,1.0000000000000016e-05,8.51241804954879e-05,1.5287206598447908e-05,6.773967051251801e-06,0.00026276772559068255,2.823904552419294e-16,0.09945752099997662,9.991870944306319e-16,1e-05,s0
A,30,6.0,1.0,3.393070212207556,3.393070212207556,6.786140424415112,0.5,5,305,26,0.2314712382230554,0.23076923076923078,0.4984835967975681,1141,0,0.36285573923643655,0.3333333333333333,0.004115226337448558,0.004032774651350613,2.9042013310826364e-16,2.5426792510269107e-05,6.459118557057169e-06,9.614509029511274e-06,1.0834721937734278e-05,1.3526311103499128e-05,3.656120636234712e-17,4.638178929349502e-17,0.11899757291769097,0.11899477595528535,0.1189721461251807,True,True,False,True,A,5.712123873840356e-06,2.8502930929215536e-06,1.6243039893519925e-10,1.4475776255738133e-06,1.4475104452928246e-06,1.0010157022734658e-05,1.549771371172257,eps_S,1.0000000000000016e-05,1.0000000000000016e-05,8.51241804954879e-05,1.5287206598447908e-05,6.773967051251801e-06,0.00026276772559068255,2.8048473000830893e-16,0.10245882599997458,9.991870944306319e-16,1e-05,s0
A,30,6.0,1.0,3.393070212207556,3.393070212207556,6.786140424415112,0.5,6,305,26,0.2314712382230554,0.23076923076923078,0.4984835967975681,1141,0,0.29626530555873504,0.3333333333333333,0.0013717421124828527,0.0013388278736028501,2.4370913057585064e-16,2.460376844643661e-05,6.2500473577913516e-06,9.529525379884295e-06,1.1119771467366592e-05,1.428844875535289e-05,3.7988279583012536e-17,4.666101786725846e-17,0.11899757291769097,0.11899468931394094,0.11897296914924453,True,True,False,True,A,5.712123873840356e-06,2.8502930929215536e-06,8.602171419049662e-12,1.8147649851160706e-07,1.8147317697755268e-07,8.743902067444937e-06,1.3990137301191374,eps_S,1.0000000000000016e-05,1.0000000000000016e-05,8.51241804954879e-05,1.5287206598447908e-05,6.773967051251801e-06,0.00026276772559068255,2.912234525267533e-16,0.10383139099997152,9.991870944306319e-16,1e-05,s0
A,30,6.0,1.0,3.393070212207556,3.393070212207556,6.786140424415112,0.6,2,305,22,0.2777654858676665,0.2727272727272727,0.5891169780334895,1141,0,0.56546957078491,0.4285714285714286,0.18367346938775514,0.17434964337250936,2.323218636290038e-16,0.004601820330638563,0.001168991451905151,0.0020030469231429476,0.0019277408989898056,0.002953723446470523,4.4365476787056573e-17,5.206998123127986e-17,0.11899757291769097,0.11898014075445235,0.11439575258705241,True,True,False,True,A,5.712123873840356e-06,2.8502930929215536e-06,1.3133367067944224e-05,0.001165179518931147,0.0011692818051334034,0.0011868753029658531,1.015298530225825,eps_transfer,1.0000000000000016e-05,1.0000000000000016e-05,8.51241804954879e-05,1.5287206598447908e-05,6.773967051251801e-06,0.00026276772559068255,3.9902718365423955e-16,0.10763668100003088,9.991870944306319e-16,1e-05,s0
A,30,6.0,1.0,3.393070212207556,3.393070212207556,6.786140424415112,0.6,3,305,22,0.2777654858676665,0.2727272727272727,0.5891169780334895,1141,0,0.4252201724364936,0.4285714285714286,0.07871720116618078,0.07280003616576751,2.2468037760940176e-16,0.0005633481121766328,0.0001431062232475307,0.00024298176643745923,0.0002512565880998293,0.0003525877097859704,3.685095136040631e-17,5.845234760704489e-17,0.11899757291769097,0.11900374157530695,0.11843422480551434,True,True,False,True,A,5.712123873840356e-06,2.8502930929215536e-06,3.956259302513427e-07,0.0001435698665899018,0.00014361270974459385,0.00015252790948691504,1.0658370127138892,eps_transfer,1.0000000000000016e-05,1.0000000000000016e-05,8.51241804954879e-05,1.5287206598447908e-05,6.773967051251801e-06,0.00026276772559068255,3.314492503033264e-16,0.09731763199999932,9.991870944306319e-16,1e-05,s0
A,30,6.0,1.0,3.393070212207556,3.393070212207556,6.786140424415112,0.6,4,305,22,0.2777654858676665,0.2727272727272727,0.5891169780334895,1141,0,0.31975583548367037,0.4285714285714286,0.03373594335693462,0.030397798144121194,3.159113583637115e-16,6.784398833953317e-05,1.7234276163289897e-05,3.077310087160676e-05,3.056833617111297e-05,4.6114315122503456e-05,3.173634435814413e-17,5.556361617403968e-17,0.11899757291769097,0.11899458045957881,0.11892972892935144,True,True,False,True,A,5.712123873840356e-06,2.8502930929215536e-06,1.979205542189149e-08,1.7536539003427618e-05,1.7539145631723402e-05,2.611874802561142e-05,1.5155117498491764,eps_transfer,1.0000000000000016e-05,1.0000000000000016e-05,8.51241804954879e-05,1.5287206598447908e-05,6.773967051251801e-06,0.00026276772559068255,3.141499944120607e-16,0.11583540100002665,9.991870944306319e-16,1e-05,s0
A,30,6.0,1.0,3.393070212207556,3.393070212207556,6.786140424415112,0.6,5,305,22,0.2777654858676665,0.2727272727272727,0.5891169780334895,1141,0,0.24044906839674945,0.4285714285714286,0.014458261438686266,0.012692660343007348,1.8034906279481007e-16,2.4312494245458074e-05,6.176055540067089e-06,1.0549892256114982e-05,1.1385359693123628e-05,1.3687839521618611e-05,4.3185636665794755e-17,5.0812620342072297e-17,0.11899757291769097,0.11899477169462343,0.11897326042344551,True,True,False,True,A,5.712123873840356e-06,2.8502930929215536e-06,1.4829423705153762e-09,3.484632244729005e-06,3.48411871444765e-06,1.204853215386143e-05,1.950845823146621,eps_S,1.0000000000000016e-05,1.0000000000000016e-05,8.51241804954879e-05,1.5287206598447908e-05,6.773967051251801e-06,0.00026276772559068255,3.6056166250607495e-16,0.10196552299998984,9.991870944306319e-16,1e-05,s0
A,30,6.0,1.0,3.393070212207556,3.393070212207556,6.786140424415112,0.6,6,305,22,0.2777654858676665,0.2727272727272727,0.5891169780334895,1141,0,0.18081219504692136,0.4285714285714286,0.006196397759436972,0.005299845265737057,2.7586733053212186e-16,2.4497219006156275e-05,6.222980811089449e-06,9.559699984196807e-06,9.994498997648648e-06,1.3222895446724065e-05,3.5238571191401784e-17,5.379992742614995e-17,0.11899757291769097,0.11899467747755009,0.11897307569868482,True,True,False,True,A,5.712123873840356e-06,2.8502930929215536e-06,1.3390647516476987e-10,5.602702347050426e-07,5.603117788303434e-07,9.122821107942117e-06,1.4659889504536328,eps_S,1.0000000000000016e-05,1.0000000000000016e-05,8.51241804954879e-05,1.5287206598447908e-05,6.773967051251801e-06,0.00026276772559068255,3.493314691995189e-16,0.10501196099994559,9.991870944306319e-16,1e-05,s0
A,30,6.0,1.0,3.393070212207556,3.393070212207556,6.786140424415112,0.7,2,305,19,0.32405973351227757,0.3157894736842105,0.6821354482493036,1141,0,0.4627597933816665,0.5384615384615384,0.28994082840236685,0.26791663820442,2.4487167214598345e-16,0.007658603891634748,0.0019455002237356402,0.0031491085968504084,0.003363840553405517,0.00425039401639422,3.015434823952954e-17,4.6662617124468134e-17,0.11899757291769097,0.11900021933560172,0.11133896902605622,True,True,False,True,A,5.712123873840356e-06,2.8502930929215536e-06,2.622840218457817e-05,0.0019385487152670038,0.0019467485577378393,0.001973339534418344,1.0143095900699761,eps_transfer,1.0000000000000016e-05,1.0000000000000016e-05,8.51241804954879e-05,1.5287206598447908e-05,6.773967051251801e-06,0.00026276772559068255,3.3988745410653594e-16,0.1328670539999166,9.991870944306319e-16,1e-05,s0
A,30,6.0,1.0,3.393070212207556,3.393070212207556,6.786140424415112,0.7,3,305,19,0.32405973351227757,0.3157894736842105,0.6821354482493036,1141,0,0.31479906062861684,0.5384615384615384,0.15612198452435136,0.13867543204818733,2.514813233441173e-16,0.0010366176392363586,0.00026332995903672056,0.00041360162738467854,0.00044082030731392244,0.0006557952733264995,2.889609670743832e-17,5.825269728812037e-17,0.11899757291769097,0.11899423092249924,0.11796095527845461,True,True,False,True,A,5.712123873840356e-06,2.8502930929215536e-06,1.0992695821041332e-06,0.0002623443033185733,0.00026253606069863075,0.00027200598986743934,1.0329473747022797,eps_transfer,1.0000000000000016e-05,1.0000000000000016e-05,8.51241804954879e-05,1.5287206598447908e-05,6.773967051251801e-06,0.00026276772559068255,3.0005703624043854e-16,0.10707541599992965,9.991870944306319e-16,1e-05,s0
A,30,6.0,1.0,3.393070212207556,3.393070212207556,6.786140424415112,0.7,4,305,19,0.32405973351227757,0.3157894736842105,0.6821354482493036,1141,0,0.21414662637064275,0.5384615384615384,0.08406568397465074,0.0717793250267581,1.8806017930884478e-16,0.00016316216272634166,4.144776627447852e-05,6.818664076936425e-05,6.874422285736402e-05,9.290229304726866e-05,3.3279075947638245e-17,4.764100770016611e-17,0.11899757291769097,0.11899285209761558,0.11883441075496463,True,True,False,True,A,5.712123873840356e-06,2.8502930929215536e-06,7.948900396523133e-08,4.1549038622706865e-05,4.154278859091311e-05,5.019094459343401e-05,1.2109444996638843,eps_transfer,1.0000000000000016e-05,1.0000000000000016e-05,8.51241804954879e-05,1.5287206598447908e-05,6.773967051251801e-06,0.00026276772559068255,3.3398946119731763e-16,0.0988080900000341,9.991870944306319e-16,1e-05,s0
A,30,6.0,1.0,3.393070212207556,3.393070212207556,6.786140424415112,0.7,5,305,19,0.32405973351227757,0.3157894736842105,0.6821354482493036,1141,0,0.1456763482532415,0.5384615384615384,0.04526613752481193,0.03715345555589584,2.9018095446654616e-16,3.636599432797213e-05,9.237982679678323e-06,1.6528970345672982e-05,1.6866774384497133e-05,2.3597818874050312e-05,3.276508062186561e-17,4.8249257969278314e-17,0.11899757291769097,0.11899458306815186,0.118961206923363,True,True,False,True,A,5.712123873840356e-06,2.8502930929215536e-06,8.197210838645948e-09,7.449216735412875e-06,7.44916528053581e-06,1.6019830913013433e-05,1.7341265369823426,eps_transfer,1.0000000000000016e-05,1.0000000000000016e-05,8.51241804954879e-05,1.5287206598447908e-05,6.773967051251801e-06,0.00026276772559068255,2.8068937703442445e-16,0.09805613200001062,9.991870944306319e-16,1e-05,s0
A,30,6.0,1.0,3.393070212207556,3.393070212207556,6.786140424415112,0.7,6,305,19,0.32405973351227757,0.3157894736842105,0.6821354482493036,1141,0,0.09909844857265959,0.5384615384615384,0.024374074051821806,0.019230875453751423,2.2416447483829294e-16,2.563817991042578e-05,6.51281688642878e-06,1.0109328032081854e-05,1.139347989244701e-05,1.615949209637138e-05,3.3459099088227405e-17,5.674044973411412e-17,0.11899757291769097,0.11899467765398473,0.11897193473778055,True,True,False,True,A,5.712123873840356e-06,2.8502930929215536e-06,1.1355414581691603e-09,1.821586629337792e-06,1.820787097296045e-06,1.0385139137557871e-05,1.5945694956046015,eps_S,1.0000000000000016e-05,1.0000000000000016e-05,8.51241804954879e-05,1.5287206598447908e-05,6.773967051251801e-06,0.00026276772559068255,2.1143427610784365e-16,0.1089786740000136,9.991870944306319e-16,1e-05,s0
A,30,6.0,1.0,3.393070212207556,3.393070212207556,6.786140424415112,0.8,2,305,17,0.3703539811568886,0.35294117647058826,0.7623866774551042,1141,0,0.3789385920881825,0.6666666666666667,0.44444444444444453,0.3794727944341702,2.2897941748547365e-16,0.008214770372419867,0.002086782111154256,0.00383503611355864,0.004148986288116608,0.004935298083877987,2.898597796191727e-17,5.792390449229695e-17,0.11899757291769097,0.11892535257812872,0.1107828025452711,True,True,False,True,A,5.712123873840356e-06,2.8502930929215536e-06,4.584505831214488e-05,0.00206760571785321,0.0020856447276155236,0.002122013193132117,1.0168829710536351,eps_transfer,1.0000000000000016e-05,1.0000000000000016e-05,8.51241804954879e-05,1.5287206598447908e-05,6.773967051251801e-06,0.00026276772559068255,3.500862692718113e-16,0.1086550619999116,9.991870944306319e-16,1e-05,s0
A,30,6.0,1.0,3.393070212207556,3.393070212207556,6.786140424415112,0.8,3,305,17,0.3703539811568886,0.35294117647058826,0.7623866774551042,1141,0,0.2332669740999218,0.6666666666666667,0.2962962962962964,0.23376041422887636,3.0932424819516044e-16,0.0012630707810200525,0.0003208554093981148,0.0005719411668706252,0.0005618631290891648,0.0007434421099795381,3.596298353489384e-17,4.4995948204551945e-17,0.11899757291769097,0.1189583614298573,0.11773450213667092,True,True,False,True,A,5.712123873840356e-06,2.8502930929215536e-06,2.585686432597236e-06,0.00032234827658912874,0.00032218717723597837,0.0003334963799884879,1.0393977169158095,eps_transfer,1.0000000000000016e-05,1.0000000000000016e-05,8.51241804954879e-05,1.5287206598447908e-05,6.773967051251801e-06,0.00026276772559068255,3.143138688812931e-16,0.0991739429999825,9.991870944306319e-16,1e-05,s0
A,30,6.0,1.0,3.393070212207556,3.393070212207556,6.786140424415112,0.8,4,305,17,0.3703539811568886,0.35294117647058826,0.7623866774551042,1141,0,0.14359445657377404,0.6666666666666667,0.19753086419753096,0.14399960171567802,2.473641679818044e-16,0.0002749049487842364,6.983356848497441e-05,0.00010518126976527007,0.00010394756952123982,0.00015378051813493067,3.858308681930156e-17,4.7627069632721955e-17,0.11899757291769097,0.1189885086822021,0.11872266796890674,True,True,False,True,A,5.712123873840356e-06,2.8502930929215536e-06,2.6163023682611394e-07,6.875999709855578e-05,6.895641465493721e-05,7.75840443021438e-05,1.110984960174805,eps_transfer,1.0000000000000016e-05,1.0000000000000016e-05,8.51241804954879e-05,1.5287206598447908e-05,6.773967051251801e-06,0.00026276772559068255,1.9950462370745273e-16,0.09764788400002544,9.991870944306319e-16,1e-05,s0
A,30,6.0,1.0,3.393070212207556,3.393070212207556,6.786140424415112,0.8,5,305,17,0.3703539811568886,0.35294117647058826,0.7623866774551042,1141,0,0.08839385874609494,0.6666666666666667,0.13168724279835398,0.08870571761552089,2.8305308862713567e-16,5.2844825048018915e-05,1.3424067938346738e-05,2.5596277426049056e-05,2.4734152155468208e-05,3.612626903077478e-05,3.236890519388449e-17,4.649514092025422e-17,0.11899757291769097,0.11899333112849075,0.11894472809264296,True,True,False,True,A,5.712123873840356e-06,2.8502930929215536e-06,3.790542435667487e-08,1.4342770296716228e-05,1.4328681315935693e-05,2.294309268783481e-05,1.7091013538672841,eps_transfer,1.0000000000000016e-05,1.0000000000000016e-05,8.51241804954879e-05,1.5287206598447908e-05,6.773967051251801e-06,0.00026276772559068255,3.40840072504529e-16,0.10840967900003307,9.991870944306319e-16,1e-05,s0
A,30,6.0,1.0,3.393070212207556,3.393070212207556,6.786140424415112,0.8,6,305,17,0.3703539811568886,0.35294117647058826,0.7623866774551042,1141,0,0.054413481205733596,0.6666666666666667,0.08779149519890267,0.054643931260455865,3.0022013435238863e-16,2.487914544759052e-05,6.320000840819995e-06,1.1392606975564223e-05,1.155210384672453e-05,1.5216607088552011e-05,3.022083803316565e-17,6.02133450816795e-17,0.11899757291769097,0.11899431094679085,0.11897269377224338,True,True,False,True,A,5.712123873840356e-06,2.8502930929215536e-06,7.156127017397895e-09,3.872741757594043e-06,3.8785024007723785e-06,1.244231485137335e-05,1.9687204424104174,eps_S,1.0000000000000016e-05,1.0000000000000016e-05,8.51241804954879e-05,1.5287206598447908e-05,6.773967051251801e-06,0.00026276772559068255,3.0233902955099544e-16,0.12726987300004566,9.991870944306319e-16,1e-05,s0
A,30,6.0,1.0,4.0147348170157295,4.0147348170157295,8.029469634031459,0.5,2,517,31,0.19562890183149328,0.1935483870967742,0.4946824965144691,1863,0,0.6682334700364998,0.3333333333333333,0.1111111111111111,0.10799331302246945,1.4981268926378355e-16,0.0031557024250983712,0.0008016369381341003,0.0012417397478140877,0.0012467693098505877,0.0019065573482027172,3.976734368629005e-17,5.758550046892196e-17,0.11899757291769097,0.11898689404813945,0.1158418704925926,True,True,False,True,A,5.69045692271113e-08,3.015228843909934e-08,3.4631089056443443e-06,0.0008026658663506804,0.0008016170200403944,0.0008062160321139909,1.0057121793695647,eps_transfer,9.999999999999959e-08,9.999999999999959e-08,1.0072028865645514e-06,1.8088066779428844e-07,8.015065904658695e-08,3.109109658036192e-06,3.1216317240241263e-16,0.1729209999999739,9.991870944306319e-16,1e-07,s0
A,30,6.0,1.0,4.0147348170157295,4.0147348170157295,8.029469634031459,0.5,3,517,31,0.19562890183149328,0.1935483870967742,0.4946824965144691,1863,0,0.5462511153745833,0.3333333333333333,0.03703703703703703,0.03548912542976832,1.6310675527838957e-16,0.00016333871221070349,4.149261479598275e-05,7.977485362807915e-05,7.945724608588224e-05,0.0001125999433186046,3.375710704031145e-17,5.332316951071823e-17,0.11899757291769097,0.11899480245546125,0.11883423420548027,True,True,False,True,A,5.69045692271113e-08,3.015228843909934e-08,4.1117140265051024e-08,4.1510431786428275e-05,4.150440855887977e-05,4.1638605784359535e-05,1.0035184812790088,eps_transfer,9.999999999999959e-08,9.999999999999959e-08,1.0072028865645514e-06,1.8088066779428844e-07,8.015065904658695e-08,3.109109658036192e-06,3.8773872415047027e-16,0.1923678989999189,9.991870944306319e-16,1e-07,s0
A,30,6.0,1.0,4.0147348170157295,4.0147348170157295,8.029469634031459,0.5,4,517,31,0.19562890183149328,0.1935483870967742,0.4946824965144691,1863,0,0.4465359704770218,0.3333333333333333,0.012345679012345677,0.011662555657569068,1.635847589936821e-16,2.192055806004347e-05,5.568436651594691e-06,7.506805840473751e-06,7.478144870453576e-06,9.553061986984401e-06,3.3983247412395844e-17,5.31507502342208e-17,0.11899757291769097,0.11899751709117037,0.11897565235963094,True,True,False,True,A,5.69045692271113e-08,3.015228843909934e-08,6.854629272754857e-10,5.549876200086545e-06,5.549840439301521e-06,5.6376185206800305e-06,1.0124239303441707,eps_transfer,9.999999999999959e-08,9.999999999999959e-08,1.0072028865645514e-06,1.8088066779428844e-07,8.015065904658695e-08,3.109109658036192e-06,3.727636840745299e-16,0.14291341300008753,9.991870944306319e-16,1e-07,s0
A,30,6.0,1.0,4.0147348170157295,4.0147348170157295,8.029469634031459,0.5,5,517,31,0.19562890183149328,0.1935483870967742,0.4946824965144691,1863,0,0.3650232783380662,0.3333333333333333,0.004115226337448558,0.0038325882314306507,1.5099423262025888e-16,1.4533855894939346e-06,3.6920070936467445e-07,7.136333399326405e-07,7.350803886797978e-07,9.834783360409303e-07,3.175261840825411e-17,5.758842207923363e-17,0.11899757291769097,0.11899751870954481,0.11899611953210149,True,True,False,True,A,5.69045692271113e-08,3.015228843909934e-08,1.7823014453563966e-11,3.8030543026758537e-07,3.803138963552238e-07,4.673801109482496e-07,1.265924195412635,eps_transfer,9.999999999999959e-08,9.999999999999959e-08,1.0072028865645514e-06,1.8088066779428844e-07,8.015065904658695e-08,3.109109658036192e-06,3.4102784563429173e-16,0.14298061700003473,9.991870944306319e-16,1e-07,s0
A,30,6.0,1.0,4.0147348170157295,4.0147348170157295,8.029469634031459,0.5,6,517,31,0.19562890183149328,0.1935483870967742,0.4946824965144691,1863,0,0.2983902810479763,0.3333333333333333,0.0013717421124828527,0.0012594780237698284,2.126167775423582e-16,3.1641166215663286e-07,8.037743800677205e-08,1.283148443391857e-07,1.4219707099619646e-07,1.8016944253974892e-07,4.203787589877307e-17,4.755652259744065e-17,0.11899757291769097,0.11899752277522899,0.11899725650602881,True,True,False,True,A,5.69045692271113e-08,3.015228843909934e-08,6.183094709292093e-13,6.023542427954133e-08,6.023541146792476e-08,1.4729290025522291e-07,1.832515490762632,eps_transfer,9.999999999999959e-08,9.999999999999959e-08,1.0072028865645514e-06,1.8088066779428844e-07,8.015065904658695e-08,3.109109658036192e-06,4.3718628658720933e-16,0.1635284879999972,9.991870944306319e-16,1e-07,s0
A,30,6.0,1.0,4.0147348170157295,4.0147348170157295,8.029469634031459,0.6,2,517,26,0.23475468219779194,0.23076923076923078,0.5898137458441748,1863,0,0.5616705503444981,0.4285714285714286,0.18367346938775514,0.1749350467320934,1.60550300951791e-16,0.0035263678740771525,0.0008957963598933269,0.00157689108732494,0.0016640751206698917,0.0022729426273378557,3.745589428940452e-17,5.066111867582921e-17,0.11899757291769097,0.11893715886405717,0.11547120504361383,True,True,False,True,A,5.69045692271113e-08,3.015228843909934e-08,6.660463393551096e-06,0.000891127413427968,0.0008958110886960126,0.0008978749336791853,1.002320364179763,eps_transfer,9.999999999999959e-08,9.999999999999959e-08,1.0072028865645514e-06,1.8088066779428844e-07,8.015065904658695e-08,3.109109658036192e-06,3.122130522000988e-16,0.1528493079999862,9.991870944306319e-16,1e-07,s0
A,30,6.0,1.0,4.0147348170157295,4.0147348170157295,8.029469634031459,0.6,3,517,26,0.23475468219779194,0.23076923076923078,0.5898137458441748,1863,0,0.42094221321551345,0.4285714285714286,0.07871720116618078,0.07316699825176463,1.9181657626908186e-16,0.0003988972781882552,0.00010133109832334438,0.00015097157496773742,0.00015935331937138176,0.00019651917022086624,3.212163914441669e-17,5.834185464637152e-17,0.11899757291769097,0.11900239388179017,0.11859867563950272,True,True,False,True,A,5.69045692271113e-08,3.015228843909934e-08,1.1954266495120564e-07,0.00010137839072813467,0.00010134234221956218,0.00010158499025075208,1.002505567704374,eps_transfer,9.999999999999959e-08,9.999999999999959e-08,1.0072028865645514e-06,1.8088066779428844e-07,8.015065904658695e-08,3.109109658036192e-06,2.704826719353027e-16,0.1407275459999937,9.991870944306319e-16,1e-07,s0
A,30,6.0,1.0,4.0147348170157295,4.0147348170157295,8.029469634031459,0.6,4,517,26,0.23475468219779194,0.23076923076923078,0.5898137458441748,1863,0,0.3154738071242914,0.4285714285714286,0.03373594335693462,0.030602270575159702,1.955310592461612e-16,3.6670870978104566e-05,9.315429901056661e-06,1.617813390657474e-05,1.6691445104824438e-05,2.4587563366532603e-05,2.591492770239484e-17,4.964179581024741e-17,0.11899757291769097,0.11899832017552904,0.11896090204671288,True,True,False,True,A,5.69045692271113e-08,3.015228843909934e-08,3.6451249237328663e-09,9.321455627386114e-06,9.321309543431986e-06,9.412157609976057e-06,1.0103836011807061,eps_transfer,9.999999999999959e-08,9.999999999999959e-08,1.0072028865645514e-06,1.8088066779428844e-07,8.015065904658695e-08,3.109109658036192e-06,3.7238088105589835e-16,0.14314565800009404,9.991870944306319e-16,1e-07,s0
A,30,6.0,1.0,4.0147348170157295,4.0147348170157295,8.029469634031459,0.6,5,517,26,0.23475468219779194,0.23076923076923078,0.5898137458441748,1863,0,0.23643084455998853,0.4285714285714286,0.014458261438686266,0.012799472258419441,1.823104600968579e-16,5.622784629427834e-06,1.4283450233687678e-06,2.12063845668605e-06,2.0229907911059495e-06,2.4412929961625768e-06,3.463989706003705e-17,5.551618330187972e-17,0.11899757291769097,0.11899761916044765,0.11899195013306155,True,True,False,True,A,5.69045692271113e-08,3.015228843909934e-08,1.6337372380751396e-10,1.4523782787630224e-06,1.4523008053895942e-06,1.5395985101530406e-06,1.0778897850057825,eps_transfer,9.999999999999959e-08,9.999999999999959e-08,1.0072028865645514e-06,1.8088066779428844e-07,8.015065904658695e-08,3.109109658036192e-06,2.503714182187039e-16,0.154738185000042,9.991870944306319e-16,1e-07,s0
A,30,6.0,1.0,4.0147348170157295,4.0147348170157295,8.029469634031459,0.6,6,517,26,0.23475468219779194,0.23076923076923078,0.5898137458441748,1863,0,0.1771923468667748,0.4285714285714286,0.006196397759436972,0.005353409633173729,2.273288129547539e-16,6.400887665481429e-07,1.626005021476925e-07,3.1875025380378e-07,3.4456349428742594e-07,4.4216249290229123e-07,3.3543480068010017e-17,5.723626150531743e-17,0.11899757291769097,0.11899753214768315,0.11899693282892443,True,True,False,True,A,5.69045692271113e-08,3.015228843909934e-08,9.664661499068189e-12,1.8054835070616063e-07,1.8054375126808786e-07,2.6761487303387035e-07,1.6458428448812028,eps_transfer,9.999999999999959e-08,9.999999999999959e-08,1.0072028865645514e-06,1.8088066779428844e-07,8.015065904658695e-08,3.109109658036192e-06,2.6709310411319053e-16,0.1695893610000212,9.991870944306319e-16,1e-07,s0
A,30,6.0,1.0,4.0147348170157295,4.0147348170157295,8.029469634031459,0.7,2,517,22,0.2738804625640906,0.2727272727272727,0.6970526087249337,1863,0,0.4435490377612178,0.5384615384615384,0.28994082840236685,0.2862050894888486,1.615899050751888e-16,0.004603098781849208,0.0011693162143751176,0.002003191258773266,0.0022013497222254045,0.003220863706653214,2.9145626500184883e-17,4.8684360820179695e-17,0.11899757291769097,0.11898290942922439,0.11439447413584176,True,True,False,True,A,5.69045692271113e-08,3.015228843909934e-08,1.312628945270864e-05,0.0011652220536651357,0.0011693218587512384,0.0011784353999755106,1.0077987335575145,eps_transfer,9.999999999999959e-08,9.999999999999959e-08,1.0072028865645514e-06,1.8088066779428844e-07,8.015065904658695e-08,3.109109658036192e-06,3.792225394118318e-16,0.1459826669999984,9.991870944306319e-16,1e-07,s0
A,30,6.0,1.0,4.0147348170157295,4.0147348170157295,8.029469634031459,0.7,3,517,22,0.2738804625640906,0.2727272727272727,0.6970526087249337,1863,0,0.2954013407507499,0.5384615384615384,0.15612198452435136,0.15311439709267466,1.8197515299805553e-16,0.0005652616105635742,0.00014359230551429716,0.00024349108377772692,0.000254732725381433,0.00034385608684479516,5.100705177700807e-17,5.401846308529238e-17,0.11899757291769097,0.11900653234810293,0.1184323113071274,True,True,False,True,A,5.69045692271113e-08,3.015228843909934e-08,3.9933948441589244e-07,0.0001435499164292988,0.00014359154613812622,0.0001440363127713809,1.0030921382276958,eps_transfer,9.999999999999959e-08,9.999999999999959e-08,1.0072028865645514e-06,1.8088066779428844e-07,8.015065904658695e-08,3.109109658036192e-06,4.801304321984469e-16,0.16922435699996186,9.991870944306319e-16,1e-07,s0
A,30,6.0,1.0,4.0147348170157295,4.0147348170157295,8.029469634031459,0.7,4,517,22,0.2738804625640906,0.2727272727272727,0.6970526087249337,1863,0,0.19673574889890225,0.5384615384615384,0.08406568397465074,0.08191335324931985,2.609594446058792e-16,6.902842491691832e-05,1.7535156279158065e-05,2.9576372345127705e-05,2.8809771818965024e-05,3.7233763068257426e-05,4.86803641450973e-17,5.626750874291009e-17,0.11899757291769097,0.11899740998765121,0.11892854449277405,True,True,False,True,A,5.69045692271113e-08,3.015228843909934e-08,2.0363422290289345e-08,1.752870451248519e-05,1.7531203757356787e-05,1.7636124792441692e-05,1.0057580617860609,eps_transfer,9.999999999999959e-08,9.999999999999959e-08,1.0072028865645514e-06,1.8088066779428844e-07,8.015065904658695e-08,3.109109658036192e-06,2.7671224251509934e-16,0.12929760299994086,9.991870944306319e-16,1e-07,s0
A,30,6.0,1.0,4.0147348170157295,4.0147348170157295,8.029469634031459,0.7,5,517,22,0.2738804625640906,0.2727272727272727,0.6970526087249337,1863,0,0.13102498044336874,0.5384615384615384,0.04526613752481193,0.043822119721940056,1.7488467155275418e-16,1.3705504929312512e-05,3.4815827118976253e-06,5.164225404892397e-06,5.241871476728932e-06,7.565661534998464e-06,3.309662258150382e-17,4.758392944307388e-17,0.11899757291769097,0.11899760975691995,0.11898386741276167,True,True,False,True,A,5.69045692271113e-08,3.015228843909934e-08,1.5126869154847554e-09,3.4819749306384915e-06,3.4814195411550357e-06,3.570544475220187e-06,1.0255521039378304,eps_transfer,9.999999999999959e-08,9.999999999999959e-08,1.0072028865645514e-06,1.8088066779428844e-07,8.015065904658695e-08,3.109109658036192e-06,3.7609021623422665e-16,0.1371081030000596,9.991870944306319e-16,1e-07,s0
A,30,6.0,1.0,4.0147348170157295,4.0147348170157295,8.029469634031459,0.7,6,517,22,0.2738804625640906,0.2727272727272727,0.6970526087249337,1863,0,0.08726195211734065,0.5384615384615384,0.024374074051821806,0.023444018597053258,1.54285568549556e-16,2.2431602890589275e-06,5.698256374122942e-07,9.354985279515554e-07,8.578779483267621e-07,1.3094914388732295e-06,3.594728323765263e-17,4.9159105338655936e-17,0.11899757291769097,0.1189975185886628,0.11899532975740192,True,True,False,True,A,5.69045692271113e-08,3.015228843909934e-08,1.3973064011287091e-10,5.665496893367057e-07,5.6660096033916e-07,6.537462776430292e-07,1.1472742444721116,eps_transfer,9.999999999999959e-08,9.999999999999959e-08,1.0072028865645514e-06,1.8088066779428844e-07,8.015065904658695e-08,3.109109658036192e-06,3.7339490923407196e-16,0.18173461200001384,9.991870944306319e-16,1e-07,s0
A,30,6.0,1.0,4.0147348170157295,4.0147348170157295,8.029469634031459,0.8,2,517,20,0.31300624293038926,0.3,0.7667578695974272,1863,0,0.37142779534043685,0.6666666666666667,0.44444444444444453,0.3865625508781148,1.485926250821555e-16,0.008181101621650212,0.0020782293040000946,0.00313649107889677,0.003063149020090566,0.004206539419736039,3.708214211035123e-17,5.086072694629255e-17,0.11899757291769097,0.11889760321297102,0.11081647129604076,True,True,False,True,A,5.69045692271113e-08,3.015228843909934e-08,2.744548179367722e-05,0.0020666925637918446,0.002078232353856975,0.002094225102443188,1.0076968400033168,eps_transfer,9.999999999999959e-08,9.999999999999959e-08,1.0072028865645514e-06,1.8088066779428844e-07,8.015065904658695e-08,3.109109658036192e-06,3.9693627884164175e-16,0.152569400999937,9.991870944306319e-16,1e-07,s0
A,30,6.0,1.0,4.0147348170157295,4.0147348170157295,8.029469634031459,0.8,3,517,20,0.31300624293038926,0.3,0.7667578695974272,1863,0,0.22636621060242904,0.6666666666666667,0.2962962962962964,0.24034199827465771,2.2888422843846035e-16,0.0007488147682691038,0.00019021995651130765,0.0003296597168586814,0.00033981419732658543,0.00047622197494378915,3.366900011035975e-17,5.836383134812727e-17,0.11899757291769097,0.11900104609691058,0.11824875814942187,True,True,False,True,A,5.69045692271113e-08,3.015228843909934e-08,8.672133684787661e-07,0.0001899467178660739,0.00019023068558018453,0.0001909009880922189,1.0035802320292864,eps_transfer,9.999999999999959e-08,9.999999999999959e-08,1.0072028865645514e-06,1.8088066779428844e-07,8.015065904658695e-08,3.109109658036192e-06,3.635734942319316e-16,0.12942646299995886,9.991870944306319e-16,1e-07,s0
A,30,6.0,1.0,4.0147348170157295,4.0147348170157295,8.029469634031459,0.8,4,517,20,0.31300624293038926,0.3,0.7667578695974272,1863,0,0.13795860715145744,0.6666666666666667,0.19753086419753096,0.14943060574139513,1.6300831603044657e-16,0.0001585745596384579,4.028238640104795e-05,5.6601437326210885e-05,5.940712463915309e-05,7.589505293748009e-05,4.7781233158180164e-17,5.995282509143539e-17,0.11899757291769097,0.11899892024782979,0.11883899835805252,True,True,False,True,A,5.69045692271113e-08,3.015228843909934e-08,4.869343740652878e-08,4.026044142129528e-05,4.028317714807306e-05,4.039619171636802e-05,1.0028251880160979,eps_transfer,9.999999999999959e-08,9.999999999999959e-08,1.0072028865645514e-06,1.8088066779428844e-07,8.015065904658695e-08,3.109109658036192e-06,4.211616573526091e-16,0.13251805899994906,9.991870944306319e-16,1e-07,s0
A,30,6.0,1.0,4.0147348170157295,4.0147348170157295,8.029469634031459,0.8,5,517,20,0.31300624293038926,0.3,0.7667578695974272,1863,0,0.08407870254362923,0.6666666666666667,0.13168724279835398,0.09290721593619516,2.0158199765463786e-16,2.1835351942129875e-05,5.546791907485963e-06,9.523332732008751e-06,1.0301024404458877e-05,1.3707330380230233e-05,3.377088857736966e-17,4.9185345108336404e-17,0.11899757291769097,0.11899775033359936,0.11897573756574885,True,True,False,True,A,5.69045692271113e-08,3.015228843909934e-08,4.4881000715903155e-09,5.549146353381139e-06,5.5497109662444585e-06,5.64069131111894e-06,1.016928596781547,eps_transfer,9.999999999999959e-08,9.999999999999959e-08,1.0072028865645514e-06,1.8088066779428844e-07,8.015065904658695e-08,3.109109658036192e-06,2.805105865390513e-16,0.13377358499997172,9.991870944306319e-16,1e-07,s0
A,30,6.0,1.0,4.0147348170157295,4.0147348170157295,8.029469634031459,0.8,6,517,20,0.31300624293038926,0.3,0.7667578695974272,1863,0,0.05124166130250325,0.6666666666666667,0.08779149519890267,0.05776427613465557,2.7614240753646544e-16,5.8454792043729864e-06,1.4849156923197676e-06,2.1658063531089316e-06,2.146218331981833e-06,3.220842574225371e-06,3.4713735691771116e-17,4.965708690478656e-17,0.11899757291769097,0.11899755274868208,0.1189917274384866,True,True,False,True,A,5.69045692271113e-08,3.015228843909934e-08,5.413094809052701e-10,1.4867309249039837e-06,1.4866423186255036e-06,1.5743290920510996e-06,1.0602144621366674,eps_transfer,9.999999999999959e-08,9.999999999999959e-08,1.0072028865645514e-06,1.8088066779428844e-07,8.015065904658695e-08,3.109109658036192e-06,3.9809654737925535e-16,0.14649211100004322,9.991870944306319e-16,1e-07,s0
A,30,6.0,1.0,4.552281388155439,4.552281388155439,9.104562776310878,0.5,2,770,35,0.17252847450093317,0.17142857142857143,0.4968124013281188,2777,0,0.6654387980606546,0.3333333333333333,0.1111111111111111,0.1092341636372117,2.9028713610874617e-16,0.002428463427639974,0.0006168978326412593,0.001001529372872223,0.0011202628418520155,0.0014804878054313969,3.480688283790134e-17,3.8446224996893e-17,0.11899757291769097,0.11903620827139452,0.116569109490051,True,True,False,True,A,5.447185957074116e-10,3.1041770542694613e-10,1.7692305296286077e-06,0.000616560681756612,0.0006168979846500511,0.0006183307674225418,1.0023228072874684,eps_transfer,1.0000000000000007e-09,1.0000000000000007e-09,1.142060724701235e-08,2.0509939884127694e-09,9.088230482365689e-10,3.525398980282661e-08,3.987567309704677e-16,0.31413550900003884,9.991870944306319e-16,1e-09,s0
A,30,6.0,1.0,4.552281388155439,4.552281388155439,9.104562776310878,0.5,3,770,35,0.17252847450093317,0.17142857142857143,0.4968124013281188,2777,0,0.5428279208242373,0.3333333333333333,0.03703703703703703,0.03610253782802644,1.6342131319541899e-16,0.00013219376176398518,3.3580923720209894e-05,5.7823486517264686e-05,6.384656862412497e-05,7.365081174183108e-05,4.357421782448086e-17,3.957521507557575e-17,0.11899757291769097,0.11899701813650065,0.11886537915592699,True,True,False,True,A,5.447185957074116e-10,3.1041770542694613e-10,1.5547274199619747e-08,3.3580085472938325e-05,3.358096844074961e-05,3.359648788343908e-05,1.0004634822841345,eps_transfer,1.0000000000000007e-09,1.0000000000000007e-09,1.142060724701235e-08,2.0509939884127694e-09,9.088230482365689e-10,3.525398980282661e-08,3.147523796267076e-16,0.171622902000081,9.991870944306319e-16,1e-09,s0
A,30,6.0,1.0,4.552281388155439,4.552281388155439,9.104562776310878,0.5,4,770,35,0.17252847450093317,0.17142857142857143,0.4968124013281188,2777,0,0.4428087939644088,0.3333333333333333,0.012345679012345677,0.011932102505521142,2.712392027650491e-16,1.1864614793765142e-05,3.0139449777549775e-06,4.528736145896456e-06,5.100546715294286e-06,7.205176016899343e-06,3.9320479394822013e-17,4.458096357635464e-17,0.11899757291769097,0.11899753785793264,0.1189857083028972,True,True,False,True,A,5.447185957074116e-10,3.1041770542694613e-10,2.357279228202631e-10,3.0138174316890724e-06,3.013947259328942e-06,3.014908295913027e-06,1.0003196203531117,eps_transfer,1.0000000000000007e-09,1.0000000000000007e-09,1.142060724701235e-08,2.0509939884127694e-09,9.088230482365689e-10,3.525398980282661e-08,3.386784112026005e-16,0.17520267899999453,9.991870944306319e-16,1e-09,s0
A,30,6.0,1.0,4.552281388155439,4.552281388155439,9.104562776310878,0.5,5,770,35,0.17252847450093317,0.17142857142857143,0.4968124013281188,2777,0,0.3612187591870447,0.3333333333333333,0.004115226337448558,0.003943630524825266,2.294659540396103e-16,8.916352135090981e-07,2.265003559287429e-07,3.85161878045296e-07,4.1717263807462705e-07,5.356870304799677e-07,4.7469472439938874e-17,5.525270977401369e-17,0.11899757291769097,0.11899757818225483,0.11899668128247747,True,True,False,True,A,5.447185957074116e-10,3.1041770542694613e-10,4.730348749301308e-12,2.266323098759171e-07,2.2663373492164493e-07,2.2749217652580077e-07,1.0043788920021384,eps_transfer,1.0000000000000007e-09,1.0000000000000007e-09,1.142060724701235e-08,2.0509939884127694e-09,9.088230482365689e-10,3.525398980282661e-08,2.8979702372475743e-16,0.1751396569999315,9.991870944306319e-16,1e-09,s0
A,30,6.0,1.0,4.552281388155439,4.552281388155439,9.104562776310878,0.5,6,770,35,0.17252847450093317,0.17142857142857143,0.4968124013281188,2777,0,0.2946621516263644,0.3333333333333333,0.0013717421124828527,0.00130339323762408,1.7745239079384576e-16,1.0629426485739873e-07,2.700172498642486e-08,4.169309760738037e-08,4.5621467109154445e-08,6.383528901516461e-08,4.336924779870833e-17,4.2791983174665717e-17,0.11899757291769097,0.11899757387984686,0.11899746662342611,True,True,False,True,A,5.447185957074116e-10,3.1041770542694613e-10,1.2011470238043983e-13,2.6986631853224202e-08,2.6986703039281868e-08,2.784188826906094e-08,1.0311151707181105,eps_transfer,1.0000000000000007e-09,1.0000000000000007e-09,1.142060724701235e-08,2.0509939884127694e-09,9.088230482365689e-10,3.525398980282661e-08,3.0510439039834174e-16,0.17718509700000595,9.991870944306319e-16,1e-09,s0
A,30,6.0,1.0,4.552281388155439,4.552281388155439,9.104562776310878,0.6,2,770,29,0.2070341694011198,0.20689655172413793,0.5996011740166951,2777,0,0.5508135230473741,0.4285714285714286,0.18367346938775514,0.18332490686768077,2.2322923349784053e-16,0.0037074709435648786,0.000941801619754387,0.0015633602233173765,0.0016780116965522962,0.0020084737265041405,4.172649282721185e-17,4.072610433444e-17,0.11899757291769097,0.11916273129620264,0.11529010197412609,True,True,False,True,A,5.447185957074116e-10,3.1041770542694613e-10,4.320425125720023e-06,0.0009411096277816743,0.000941801679530396,0.0009454309080436954,1.003853559192492,eps_transfer,1.0000000000000007e-09,1.0000000000000007e-09,1.142060724701235e-08,2.0509939884127694e-09,9.088230482365689e-10,3.525398980282661e-08,3.404783653214828e-16,0.18325187900006767,9.991870944306319e-16,1e-09,s0
A,30,6.0,1.0,4.552281388155439,4.552281388155439,9.104562776310878,0.6,3,770,29,0.2070341694011198,0.20689655172413793,0.5996011740166951,2777,0,0.40879623861586933,0.4285714285714286,0.07871720116618078,0.07849323160291848,1.7138315972537332e-16,0.00024285840911180472,6.169284845494804e-05,0.0001059598544187063,0.0001232532820130048,0.00014497674088815178,3.3837548412489476e-17,4.308869131382011e-17,0.11899757291769097,0.11899716874975386,0.11875471450857918,True,True,False,True,A,5.447185957074116e-10,3.1041770542694613e-10,5.633335903268941e-08,6.170458810708028e-05,6.169268029871846e-05,6.17617766024141e-05,1.0011172793799008,eps_transfer,1.0000000000000007e-09,1.0000000000000007e-09,1.142060724701235e-08,2.0509939884127694e-09,9.088230482365689e-10,3.525398980282661e-08,3.689688612064147e-16,0.2879157899999427,9.991870944306319e-16,1e-09,s0
A,30,6.0,1.0,4.552281388155439,4.552281388155439,9.104562776310878,0.6,4,770,29,0.2070341694011198,0.20689655172413793,0.5996011740166951,2777,0,0.3033955371718601,0.4285714285714286,0.03373594335693462,0.03360802147804383,1.881560884294465e-16,2.3683767977186605e-05,6.016341431216693e-06,1.071308506697003e-05,1.122939566541318e-05,1.4336766036547742e-05,3.9509857025329095e-17,4.474746455425299e-17,0.11899757291769097,0.11899783156928952,0.11897388914971378,True,True,False,True,A,5.447185957074116e-10,3.1041770542694613e-10,1.2340573329989122e-09,6.015667533951085e-06,6.016384377292266e-06,6.017756727585218e-06,1.0002352420295133,eps_transfer,1.0000000000000007e-09,1.0000000000000007e-09,1.142060724701235e-08,2.0509939884127694e-09,9.088230482365689e-10,3.525398980282661e-08,4.178285849945978e-16,0.19686031700007334,9.991870944306319e-16,1e-09,s0
A,30,6.0,1.0,4.552281388155439,4.552281388155439,9.104562776310878,0.6,5,770,29,0.2070341694011198,0.20689655172413793,0.5996011740166951,2777,0,0.225170496400522,0.4285714285714286,0.014458261438686266,0.014389764373348327,2.2451849554853105e-16,2.7008255465296554e-06,6.860854510028461e-07,1.1041004267597729e-06,1.1207528106924385e-06,1.6929919536197836e-06,3.446556894582818e-17,4.7347161163164214e-17,0.11899757291769097,0.11899753667921176,0.11899487209214445,True,True,False,True,A,5.447185957074116e-10,3.1041770542694613e-10,3.6031284797250745e-11,6.861729433977013e-07,6.861721941129536e-07,6.87064110983633e-07,1.0014264403644713,eps_transfer,1.0000000000000007e-09,1.0000000000000007e-09,1.142060724701235e-08,2.0509939884127694e-09,9.088230482365689e-10,3.525398980282661e-08,3.092534662616487e-16,0.2078411300000198,9.991870944306319e-16,1e-09,s0
A,30,6.0,1.0,4.552281388155439,4.552281388155439,9.104562776310878,0.6,6,770,29,0.2070341694011198,0.20689655172413793,0.5996011740166951,2777,0,0.1671143647064828,0.4285714285714286,0.006196397759436972,0.0061611874074694005,1.7876239166253506e-16,3.3665887704729774e-07,8.552079855357322e-08,1.517244934040215e-07,1.5283694965512647e-07,2.0619388087274695e-07,4.499029103183902e-17,4.6670855806200113e-17,0.11899757291769097,0.11899757033258265,0.11899723625881392,True,True,False,True,A,5.447185957074116e-10,3.1041770542694613e-10,1.6985327669195095e-12,8.554924077159605e-08,8.554991676994573e-08,8.640607560549733e-08,1.01035159945764,eps_transfer,1.0000000000000007e-09,1.0000000000000007e-09,1.142060724701235e-08,2.0509939884127694e-09,9.088230482365689e-10,3.525398980282661e-08,3.3270574048385396e-16,0.18111795699996946,9.991870944306319e-16,1e-09,s0
A,30,6.0,1.0,4.552281388155439,4.552281388155439,9.104562776310878,0.7,2,770,25,0.24153986430130642,0.24,0.6955373618593663,2777,0,0.4461383972786276,0.5384615384615384,0.28994082840236685,0.2843005095179962,1.9325180793466604e-16,0.004863843551855933,0.0012355527002364725,0.0019191044465787638,0.0019709025414071076,0.0029442769991237434,3.629504233501121e-17,4.7581862615821136e-17,0.11899757291769097,0.11878757643932532,0.11413372936583505,True,True,False,True,A,5.447185957074116e-10,3.1041770542694613e-10,7.160091118638876e-06,0.0012315411211866498,0.0012355528246932408,0.0012387020674415898,1.0025489541680532,eps_transfer,1.0000000000000007e-09,1.0000000000000007e-09,1.142060724701235e-08,2.0509939884127694e-09,9.088230482365689e-10,3.525398980282661e-08,3.743266096663523e-16,0.18909483699997054,9.991870944306319e-16,1e-09,s0
A,30,6.0,1.0,4.552281388155439,4.552281388155439,9.104562776310878,0.7,3,770,25,0.24153986430130642,0.24,0.6955373618593663,2777,0,0.29799186218699114,0.5384615384615384,0.15612198452435136,0.15158857033059944,1.9738514958747761e-16,0.00040965611351047874,0.00010406414429656455,0.00017859425395365717,0.00017513603836182034,0.0002350054117209209,4.051949202983965e-17,3.7959552030467165e-17,0.11899757291769097,0.11899265735433492,0.1185879168041805,True,True,False,True,A,5.447185957074116e-10,3.1041770542694613e-10,1.48805736715809e-07,0.00010401224047169317,0.00010406390547655007,0.00010416190134471011,1.000939392225885,eps_transfer,1.0000000000000007e-09,1.0000000000000007e-09,1.142060724701235e-08,2.0509939884127694e-09,9.088230482365689e-10,3.525398980282661e-08,3.2194373240715204e-16,0.19211834700001873,9.991870944306319e-16,1e-09,s0
A,30,6.0,1.0,4.552281388155439,4.552281388155439,9.104562776310878,0.7,4,770,25,0.24153986430130642,0.24,0.6955373618593663,2777,0,0.19903946952634252,0.5384615384615384,0.08406568397465074,0.08082677971219225,2.3002406114124423e-16,4.53137645183784e-05,1.151096730633914e-05,1.9707190624598252e-05,1.9509108997626757e-05,2.8262370667125376e-05,3.6813024200114066e-17,5.4298062857798957e-17,0.11899757291769097,0.11899692700006266,0.11895225915317259,True,True,False,True,A,5.447185957074116e-10,3.1041770542694613e-10,5.7689162760415656e-09,1.1508971166395462e-05,1.1511113992339114e-05,1.1515595218972638e-05,1.0004020437649015,eps_transfer,1.0000000000000007e-09,1.0000000000000007e-09,1.142060724701235e-08,2.0509939884127694e-09,9.088230482365689e-10,3.525398980282661e-08,3.3186114837095813e-16,0.16999600100007228,9.991870944306319e-16,1e-09,s0
A,30,6.0,1.0,4.552281388155439,4.552281388155439,9.104562776310878,0.7,5,770,25,0.24153986430130642,0.24,0.6955373618593663,2777,0,0.13294561179817788,0.5384615384615384,0.04526613752481193,0.043096707782094026,2.5406305073910363e-16,7.458929234398555e-06,1.8947772596257376e-06,2.814995489361232e-06,2.829224787099645e-06,4.097580101387429e-06,5.0252431370436735e-17,6.476722985982676e-17,0.11899757291769097,0.1189974888006001,0.11899011398845658,True,True,False,True,A,5.447185957074116e-10,3.1041770542694613e-10,2.99478763789993e-10,1.894355623945815e-06,1.8945563241063003e-06,1.8955102390107394e-06,1.0003868419790654,eps_transfer,1.0000000000000007e-09,1.0000000000000007e-09,1.142060724701235e-08,2.0509939884127694e-09,9.088230482365689e-10,3.525398980282661e-08,4.2593014252661787e-16,0.16970738600002733,9.991870944306319e-16,1e-09,s0
A,30,6.0,1.0,4.552281388155439,4.552281388155439,9.104562776310878,0.7,6,770,25,0.24153986430130642,0.24,0.6955373618593663,2777,0,0.0887991499296707,0.5384615384615384,0.024374074051821806,0.022979094654875094,1.8854957264983886e-16,9.268408536126947e-07,2.354435760857634e-07,4.1173294140757804e-07,4.214171108451128e-07,5.3287447297835e-07,3.857795023471661e-17,5.120819050915569e-17,0.11899757291769097,0.11899756162083215,0.11899664607683737,True,True,False,True,A,5.447185957074116e-10,3.1041770542694613e-10,1.8392023896212753e-11,2.3527379389297086e-07,2.3528694200247499e-07,2.3614732221800143e-07,1.0029890224398463,eps_transfer,1.0000000000000007e-09,1.0000000000000007e-09,1.142060724701235e-08,2.0509939884127694e-09,9.088230482365689e-10,3.525398980282661e-08,3.670766113572564e-16,0.2077137239999729,9.991870944306319e-16,1e-09,s0
A,30,6.0,1.0,4.552281388155439,4.552281388155439,9.104562776310878,0.8,2,770,22,0.27604555920149304,0.2727272727272727,0.7903833657492799,2777,0,0.3501915486088564,0.6666666666666667,0.44444444444444453,0.4269530125504814,1.823886792828931e-16,0.004603108587663613,0.0011693187053270443,0.0020031857464552784,0.002296350917857983,0.0029080097179110674,4.209165595125332e-17,3.697186463716675e-17,0.11899757291769097,0.11898296391461863,0.11439446433002737,True,True,False,True,A,5.447185957074116e-10,3.1041770542694613e-10,1.3126022977805452e-05,0.001165219258790363,0.0011693189624178773,0.0011783461369044696,1.0077202490102135,eps_transfer,1.0000000000000007e-09,1.0000000000000007e-09,1.142060724701235e-08,2.0509939884127694e-09,9.088230482365689e-10,3.525398980282661e-08,2.658848501321357e-16,0.17553239300002588,9.991870944306319e-16,1e-09,s0
A,30,6.0,1.0,4.552281388155439,4.552281388155439,9.104562776310878,0.8,3,770,22,0.27604555920149304,0.2727272727272727,0.7903833657492799,2777,0,0.20723279819129947,0.6666666666666667,0.2962962962962964,0.27897810721284994,1.7453984529186633e-16,0.000565259414072349,0.00014359174754391112,0.00024349519080943505,0.00024607988956046377,0.0003397223189551659,4.274362068674742e-17,5.0749970298388805e-17,0.11899757291769097,0.11900658462707686,0.11843231350361863,True,True,False,True,A,5.447185957074116e-10,3.1041770542694613e-10,3.9946661006150005e-07,0.000143550308665802,0.00014359185778109278,0.00014395063041216464,1.0024993279515857,eps_transfer,1.0000000000000007e-09,1.0000000000000007e-09,1.142060724701235e-08,2.0509939884127694e-09,9.088230482365689e-10,3.525398980282661e-08,3.5302926447839725e-16,0.16910199599999487,9.991870944306319e-16,1e-09,s0
A,30,6.0,1.0,4.552281388155439,4.552281388155439,9.104562776310878,0.8,4,770,22,0.27604555920149304,0.2727272727272727,0.7903833657492799,2777,0,0.12263412071706906,0.6666666666666667,0.19753086419753096,0.18228887492593154,1.9123622994089488e-16,6.901156948521832e-05,1.753087452668627e-05,2.957504374956309e-05,2.9340150862561945e-05,4.104966665832359e-05,4.034237051443094e-17,4.183076303548546e-17,0.11899757291769097,0.11899746239624334,0.11892856134820576,True,True,False,True,A,5.447185957074116e-10,3.1041770542694613e-10,2.03881655118911e-08,1.752852845875334e-05,1.753099934334908e-05,1.7549771760566364e-05,1.0010779401707157,eps_transfer,1.0000000000000007e-09,1.0000000000000007e-09,1.142060724701235e-08,2.0509939884127694e-09,9.088230482365689e-10,3.525398980282661e-08,4.3618834993407237e-16,0.1757255239999722,9.991870944306319e-16,1e-09,s0
A,30,6.0,1.0,4.552281388155439,4.552281388155439,9.104562776310878,0.8,5,770,22,0.27604555920149304,0.2727272727272727,0.7903833657492799,2777,0,0.07257117452115779,0.6666666666666667,0.13168724279835398,0.11911054331015747,1.6661693875403186e-16,1.3704893396412867e-05,3.481427365386706e-06,5.1662387811939915e-06,5.47061587676973e-06,6.434692910971067e-06,3.526778599779038e-17,5.1120983558824337e-17,0.11899757291769097,0.11899766194149679,0.11898386802429456,True,True,False,True,A,5.447185957074116e-10,3.1041770542694613e-10,1.5095108295949885e-09,3.482089312382717e-06,3.481528327481605e-06,3.484453959513446e-06,1.0008693543794225,eps_transfer,1.0000000000000007e-09,1.0000000000000007e-09,1.142060724701235e-08,2.0509939884127694e-09,9.088230482365689e-10,3.525398980282661e-08,3.9260035274060257e-16,0.16740343999993001,9.991870944306319e-16,1e-09,s0
A,30,6.0,1.0,4.552281388155439,4.552281388155439,9.104562776310878,0.8,6,770,22,0.27604555920149304,0.2727272727272727,0.7903833657492799,2777,0,0.042945432646195845,0.6666666666666667,0.08779149519890267,0.0778287843040644,2.5693846411504304e-16,2.2323520990530056e-06,5.670800539649422e-07,9.309597114467935e-07,1.005420809973436e-06,1.192224178018232e-06,4.0164306512292704e-17,4.615045002438787e-17,0.11899757291769097,0.11899757071979121,0.11899534056559193,True,True,False,True,A,5.447185957074116e-10,3.1041770542694613e-10,1.38926216250169e-10,5.669007455997455e-07,5.669524991109677e-07,5.6789480811713e-07,1.001436753323435,eps_transfer,1.0000000000000007e-09,1.0000000000000007e-09,1.142060724701235e-08,2.0509939884127694e-09,9.088230482365689e-10,3.525398980282661e-08,3.9824911921726645e-16,0.17689908499994544,9.991870944306319e-16,1e-09,s0
B,40,10.0,1.0,2.628260884878466,2.628260884878466,5.256521769756932,0.5,2,87,34,0.2988280835879677,0.29411764705882354,0.49211848419233734,2469,0,0.6705629990299709,0.3333333333333333,0.1111111111111111,0.10651356489192021,1.3960822101647076e-16,0.0041768010546683115,0.0021425195679807578,0.0036733014746688124,0.0039017475336163864,0.005268151492244188,3.862213163305918e-17,4.994212336080163e-17,0.008538932473939009,0.008550296360239684,0.004362131419270697,True,True,False,True,A,0.0005008758952344329,0.00033408922830148257,2.9749530477188617e-05,0.002211545129184686,0.0022138232406548218,0.00307625978319779,1.435814089715431,eps_transfer,0.0009999999999999994,0.0009999999999999994,0.006593690668371562,0.0011841419313164151,0.0005247092315451186,0.09423102084569555,3.8680717574132773e-16,0.5689830699999447,3.762455717598498e-16,0.001,s0
B,40,10.0,1.0,2.628260884878466,2.628260884878466,5.256521769756932,0.5,3,87,34,0.2988280835879677,0.29411764705882354,0.49211848419233734,2469,0,0.5491100327599279,0.3333333333333333,0.03703703703703703,0.03476221012793422,2.0805163235420714e-16,0.0011115516408718737,0.000570178256090828,0.0009484897961632001,0.0009884209751129572,0.001556276388779072,2.711437329198714e-17,4.9440216677508894e-17,0.008538932473939009,0.008585914260260084,0.007427380833067135,True,True,False,True,A,0.0005008758952344329,0.00033408922830148257,1.152069847402179e-06,0.0002788799866244464,0.00027916571089914045,0.001114997180007764,1.9555238525794427,eps_S,0.0009999999999999994,0.0009999999999999994,0.006593690668371562,0.0011841419313164151,0.0005247092315451186,0.09423102084569555,3.275671053110209e-16,0.35832302700009677,3.762455717598498e-16,0.001,s0
B,40,10.0,1.0,2.628260884878466,2.628260884878466,5.256521769756932,0.5,4,87,34,0.2988280835879677,0.29411764705882354,0.49211848419233734,2469,0,0.4496547356680688,0.3333333333333333,0.012345679012345677,0.011345139505985296,1.5810549297406728e-16,0.0010769770887175487,0.0005524429956426392,0.0008365953811375905,0.0008250352585569649,0.0011859770291914888,3.0772078735844465e-17,4.431933823036511e-17,0.008538932473939009,0.008586149850575849,0.00746195538522146,True,True,False,True,A,0.0005008758952344329,0.00033408922830148257,5.941255541262331e-08,3.422504949882885e-05,3.416981400065996e-05,0.000869249585590157,1.5734647600681169,eps_S,0.0009999999999999994,0.0009999999999999994,0.006593690668371562,0.0011841419313164151,0.0005247092315451186,0.09423102084569555,3.1949433578496354e-16,0.30510100499998316,3.762455717598498e-16,0.001,s0
B,40,10.0,1.0,2.628260884878466,2.628260884878466,5.256521769756932,0.5,5,87,34,0.2988280835879677,0.29411764705882354,0.49211848419233734,2469,0,0.36821287036494277,0.3333333333333333,0.004115226337448558,0.0037026469242482873,2.113332981399036e-16,0.0010729320262470774,0.0005503680523108271,0.0008360748140973094,0.0008440925528582344,0.001334628901249697,3.196364999089602e-17,4.5789681725939175e-17,0.008538932473939009,0.00858583680993376,0.007466000447691931,True,True,False,True,A,0.0005008758952344329,0.00033408922830148257,3.5957235454302816e-09,6.535876587352575e-06,6.5357093218290845e-06,0.0008415045958468135,1.5289851805779662,eps_S,0.0009999999999999994,0.0009999999999999994,0.006593690668371562,0.0011841419313164151,0.0005247092315451186,0.09423102084569555,3.2309542009327526e-16,0.3135378470000205,3.762455717598498e-16,0.001,s0
B,40,10.0,1.0,2.628260884878466,2.628260884878466,5.256521769756932,0.5,6,87,34,0.2988280835879677,0.29411764705882354,0.49211848419233734,2469,0,0.301521828077609,0.3333333333333333,0.0013717421124828527,0.0012084112529786525,1.682833184056675e-16,0.0010719074519741838,0.000549842489709259,0.0008361769981527626,0.0008264551544456939,0.0011198469172455504,3.3171977468431697e-17,5.1286018483097306e-17,0.008538932473939009,0.00858575708718671,0.0074670250219648245,True,True,False,True,A,0.0005008758952344329,0.00033408922830148257,2.451090883693352e-10,1.3761423208201884e-06,1.3759088936444707e-06,0.000836341510965824,1.5210565327682435,eps_S,0.0009999999999999994,0.0009999999999999994,0.006593690668371562,0.0011841419313164151,0.0005247092315451186,0.09423102084569555,4.0283064198534755e-16,0.7451645759999792,3.762455717598498e-16,0.001,s0
B,40,10.0,1.0,2.628260884878466,2.628260884878466,5.256521769756932,0.6,2,87,28,0.35859370030556126,0.35714285714285715,0.5975724450906954,2469,0,0.551918684107245,0.4285714285714286,0.18367346938775514,0.18156003353681624,1.7167779534464886e-16,0.010095523987844137,0.005178570252657836,0.006536021820040382,0.007047228336797493,0.008769009611442242,2.934900146661472e-17,4.7260776403090604e-17,0.008538932473939009,0.00867427949718325,-0.001556591513905128,True,False,False,True,B,0.0005008758952344329,0.00033408922830148257,8.361534763175166e-05,0.00497308476108781,0.004996068380860195,0.005891665232255477,1.1377011307767146,eps_transfer,0.0009999999999999994,0.0009999999999999994,0.006593690668371562,0.0011841419313164151,0.0005247092315451186,0.09423102084569555,3.391534150314438e-16,0.3471360190000041,3.762455717598498e-16,0.001,s0
B,40,10.0,1.0,2.628260884878466,2.628260884878466,5.256521769756932,0.6,3,87,28,0.35859370030556126,0.35714285714285715,0.5975724450906954,2469,0,0.41002717850897474,0.4285714285714286,0.07871720116618078,0.07736247964577418,1.622705060812162e-16,0.0011509540936867747,0.0005903900222433024,0.0011118500037040195,0.0012943614349118784,0.0022898676790473883,2.924873850028551e-17,4.501615558606651e-17,0.008538932473939009,0.008587049579563565,0.007387978380252234,True,True,False,True,A,0.0005008758952344329,0.00033408922830148257,4.091783865647961e-06,0.000715333881151642,0.000712046534300916,0.0015543907885532055,2.6328202205162508,eps_transfer,0.0009999999999999994,0.0009999999999999994,0.006593690668371562,0.0011841419313164151,0.0005247092315451186,0.09423102084569555,3.948690374073343e-16,0.31792325300000357,3.762455717598498e-16,0.001,s0
B,40,10.0,1.0,2.628260884878466,2.628260884878466,5.256521769756932,0.6,4,87,28,0.35859370030556126,0.35714285714285715,0.5975724450906954,2469,0,0.30461423386667286,0.4285714285714286,0.03373594335693462,0.03296404577788984,1.8688096426710684e-16,0.001088288136800131,0.0005582450775551157,0.0008456663000201375,0.0009106261877489797,0.0012451231294693804,2.565217448523559e-17,4.6597573230078603e-17,0.008538932473939009,0.00858590014531362,0.007450644337138878,True,True,False,True,A,0.0005008758952344329,0.00033408922830148257,3.864957634806779e-07,0.00012708892821516952,0.0001273256847536155,0.0009624405475145658,1.7240466350902013,eps_S,0.0009999999999999994,0.0009999999999999994,0.006593690668371562,0.0011841419313164151,0.0005247092315451186,0.09423102084569555,2.762829760390359e-16,0.3448970910000071,3.762455717598498e-16,0.001,s0
B,40,10.0,1.0,2.628260884878466,2.628260884878466,5.256521769756932,0.6,5,87,28,0.35859370030556126,0.35714285714285715,0.5975724450906954,2469,0,0.22630166081087974,0.4285714285714286,0.014458261438686266,0.014045934398978025,1.854198544194022e-16,0.0010718203238506234,0.0005497977967235969,0.0008340745251669452,0.0009438710266599246,0.0013451913565586107,3.06459689928454e-17,5.2465100040821826e-17,0.008538932473939009,0.008585691146593554,0.007467112150088385,True,True,False,True,A,0.0005008758952344329,0.00033408922830148257,4.3985708506760013e-08,2.624234082670402e-05,2.6257200320240464e-05,0.0008612514500711261,1.5664876345514134,eps_S,0.0009999999999999994,0.0009999999999999994,0.006593690668371562,0.0011841419313164151,0.0005247092315451186,0.09423102084569555,3.631231240385567e-16,0.2837954679999939,3.762455717598498e-16,0.001,s0
B,40,10.0,1.0,2.628260884878466,2.628260884878466,5.256521769756932,0.6,6,87,28,0.35859370030556126,0.35714285714285715,0.5975724450906954,2469,0,0.16812228711603064,0.4285714285714286,0.006196397759436972,0.005984953256942826,1.548866751313656e-16,0.001072197357606712,0.0005499911988487247,0.0008355790744669314,0.0008241561319150218,0.0011401036291393651,3.097894386643387e-17,5.549472248855591e-17,0.008538932473939009,0.008585748153992998,0.007466735116332297,True,True,False,True,A,0.0005008758952344329,0.00033408922830148257,5.562724068028714e-09,7.550826119531635e-06,7.555276370864361e-06,0.0008425215123795152,1.5318818085509966,eps_S,0.0009999999999999994,0.0009999999999999994,0.006593690668371562,0.0011841419313164151,0.0005247092315451186,0.09423102084569555,3.029739220797769e-16,0.33051936900005785,3.762455717598498e-16,0.001,s0
B,40,10.0,1.0,2.628260884878466,2.628260884878466,5.256521769756932,0.7,2,87,24,0.4183593170231548,0.4166666666666667,0.6971678526058113,2469,0,0.44172768735043694,0.5384615384615384,0.28994082840236685,0.2863503863740526,1.7541636359065714e-16,0.012757118490769086,0.006543853930263968,0.008289191293795701,0.008793911678045893,0.012505294063476348,2.5568896389869883e-17,4.6623491462726333e-17,0.008538932473939009,0.008713325956806253,-0.004218186016830078,True,False,False,True,B,0.0005008758952344329,0.00033408922830148257,0.0001577504404780908,0.0068000990250855365,0.006712886039451563,0.007792814589099543,1.1908601066199522,eps_transfer,0.0009999999999999994,0.0009999999999999994,0.006593690668371562,0.0011841419313164151,0.0005247092315451186,0.09423102084569555,4.2793191638422196e-16,0.29575229700003547,3.762455717598498e-16,0.001,s0
B,40,10.0,1.0,2.628260884878466,2.628260884878466,5.256521769756932,0.7,3,87,24,0.4183593170231548,0.4166666666666667,0.6971678526058113,2469,0,0.29358369512430477,0.5384615384615384,0.15612198452435136,0.15323100858428593,2.0048448269350217e-16,0.00161440451088458,0.000828120183349574,0.0015461756808962006,0.0015242141371313643,0.0022193890076685073,2.6766206534688743e-17,4.8380625117819576e-17,0.008538932473939009,0.008604874954287302,0.0069245279630544285,True,True,False,True,A,0.0005008758952344329,0.00033408922830148257,1.3558322091023382e-05,0.0008808670064551718,0.0008727708141190531,0.0017293904520821106,2.08833269234797,eps_transfer,0.0009999999999999994,0.0009999999999999994,0.006593690668371562,0.0011841419313164151,0.0005247092315451186,0.09423102084569555,3.450408118778851e-16,0.7597046700000192,3.762455717598498e-16,0.001,s0
B,40,10.0,1.0,2.628260884878466,2.628260884878466,5.256521769756932,0.7,4,87,24,0.4183593170231548,0.4166666666666667,0.6971678526058113,2469,0,0.19512334977196544,0.5384615384615384,0.08406568397465074,0.08199654377656919,1.6725538233085173e-16,0.001079179437193676,0.0005535727058308563,0.0008790561731208521,0.0009158486645038121,0.001397036463266254,2.9760526816183677e-17,5.562242136877085e-17,0.008538932473939009,0.008589799913425955,0.007459753036745333,True,True,False,True,A,0.0005008758952344329,0.00033408922830148257,2.0661025791912598e-06,0.00026152365364699525,0.0002608402702315543,0.001098554879762102,1.984481655599842,eps_S,0.0009999999999999994,0.0009999999999999994,0.006593690668371562,0.0011841419313164151,0.0005247092315451186,0.09423102084569555,3.182607150648501e-16,0.28426991000003454,3.762455717598498e-16,0.001,s0
B,40,10.0,1.0,2.628260884878466,2.628260884878466,5.256521769756932,0.7,5,87,24,0.4183593170231548,0.4166666666666667,0.6971678526058113,2469,0,0.1296840466910549,0.5384615384615384,0.04526613752481193,0.04387775851259604,2.1426411191392297e-16,0.0010711252327246085,0.0005494412448266967,0.000832798392101719,0.0008761684427101809,0.0014174193382301737,2.787303899438716e-17,4.731092673732463e-17,0.008538932473939009,0.008586072314639774,0.0074678072412144,True,True,False,True,A,0.0005008758952344329,0.00033408922830148257,3.9839680302159046e-07,6.015882653202464e-05,6.0037855903360964e-05,0.0008955223468709617,1.6298782723408851,eps_S,0.0009999999999999994,0.0009999999999999994,0.006593690668371562,0.0011841419313164151,0.0005247092315451186,0.09423102084569555,4.495148146658164e-16,0.3031497040000204,3.762455717598498e-16,0.001,s0
B,40,10.0,1.0,2.628260884878466,2.628260884878466,5.256521769756932,0.7,6,87,24,0.4183593170231548,0.4166666666666667,0.6971678526058113,2469,0,0.0861913860428407,0.5384615384615384,0.024374074051821806,0.023479741991757504,2.2552541983525555e-16,0.0010722530626570968,0.0005500197731473142,0.0008344443139174248,0.000946292899343089,0.001494457719822244,3.180891560200611e-17,4.517745652849052e-17,0.008538932473939009,0.008585651813857611,0.007466679411281912,True,True,False,True,A,0.0005008758952344329,0.00033408922830148257,8.468377502915225e-08,2.052299871138598e-05,2.050204949071332e-05,0.0008555728060223306,1.555530996870505,eps_S,0.0009999999999999994,0.0009999999999999994,0.006593690668371562,0.0011841419313164151,0.0005247092315451186,0.09423102084569555,3.481351414112753e-16,0.306531992000032,3.762455717598498e-16,0.001,s0
B,40,10.0,1.0,2.628260884878466,2.628260884878466,5.256521769756932,0.8,2,87,21,0.4781249337407484,0.47619047619047616,0.7967632601209271,2469,0,0.3396251152608034,0.6666666666666667,0.44444444444444453,0.43848670631807485,1.7160463193874706e-16,0.013319385936993451,0.006832272983555443,0.01005572223342912,0.011515732988551117,0.01621155980588843,3.0557493683425525e-17,4.864851933551276e-17,0.008538932473939009,0.008723444347505634,-0.0047804534630544425,True,False,False,True,B,0.0005008758952344329,0.00033408922830148257,0.0003196546493846972,0.007129080973500279,0.0069224850968284115,0.008283700746420892,1.2124370273785725,eps_transfer,0.0009999999999999994,0.0009999999999999994,0.006593690668371562,0.0011841419313164151,0.0005247092315451186,0.09423102084569555,2.747090963541856e-16,0.3058530559999326,3.762455717598498e-16,0.001,s0
B,40,10.0,1.0,2.628260884878466,2.628260884878466,5.256521769756932,0.8,3,87,21,0.4781249337407484,0.47619047619047616,0.7967632601209271,2469,0,0.19792456459242216,0.6666666666666667,0.2962962962962964,0.29035856873917354,2.153038001248047e-16,0.002943501623167171,0.0015098899237659762,0.002335112934994464,0.002461169493326503,0.002937125208766495,3.0572704240502824e-17,4.9026682436881425e-17,0.008538932473939009,0.008579071258285704,0.005595430850771838,True,True,False,True,A,0.0005008758952344329,0.00033408922830148257,5.427737976947947e-05,0.0014852647689156655,0.0014562962274950082,0.0023745072722210605,1.5726360146165825,eps_transfer,0.0009999999999999994,0.0009999999999999994,0.006593690668371562,0.0011841419313164151,0.0005247092315451186,0.09423102084569555,3.3997666767827503e-16,0.29703275600002144,3.762455717598498e-16,0.001,s0
B,40,10.0,1.0,2.628260884878466,2.628260884878466,5.256521769756932,0.8,4,87,21,0.4781249337407484,0.47619047619047616,0.7967632601209271,2469,0,0.115345218915914,0.6666666666666667,0.19753086419753096,0.19227059161767363,2.2231599139087474e-16,0.0011353542134777185,0.0005823879536341923,0.0010229648794146911,0.0009945250445434432,0.001231387236595567,2.946575079619719e-17,4.922668323354424e-17,0.008538932473939009,0.008583589181172836,0.007403578260461291,True,True,False,True,A,0.0005008758952344329,0.00033408922830148257,1.113025864091418e-05,0.00040473699503800457,0.00039807302279845966,0.0012508323772148341,2.147764852293808,eps_S,0.0009999999999999994,0.0009999999999999994,0.006593690668371562,0.0011841419313164151,0.0005247092315451186,0.09423102084569555,3.7668494643869586e-16,0.26900479100004304,3.762455717598498e-16,0.001,s0
B,40,10.0,1.0,2.628260884878466,2.628260884878466,5.256521769756932,0.8,5,87,21,0.4781249337407484,0.47619047619047616,0.7967632601209271,2469,0,0.06722015306264571,0.6666666666666667,0.13168724279835398,0.12731837245767055,2.0590688200603864e-16,0.0010832312020705266,0.0005556510872093055,0.0008551254423978232,0.0008800535210771309,0.0013694739482279835,3.156104008189439e-17,4.8630814332443884e-17,0.008538932473939009,0.008584571372510398,0.007455701271868482,True,True,False,True,A,0.0005008758952344329,0.00033408922830148257,2.925631524959012e-06,0.0001408937529629172,0.00014100861931640857,0.0009787845080237918,1.7615092106444457,eps_S,0.0009999999999999994,0.0009999999999999994,0.006593690668371562,0.0011841419313164151,0.0005247092315451186,0.09423102084569555,2.4701607313803286e-16,0.4957061499999327,3.762455717598498e-16,0.001,s0
B,40,10.0,1.0,2.628260884878466,2.628260884878466,5.256521769756932,0.8,6,87,21,0.4781249337407484,0.47619047619047616,0.7967632601209271,2469,0,0.03917413326909989,0.6666666666666667,0.08779149519890267,0.08430809844026137,1.4815495415478417e-16,0.0010720747731816107,0.0005499283183030459,0.0008362842745899255,0.0008126943978602279,0.0016105068313628688,3.272304306956394e-17,4.66889026372561e-17,0.008538932473939009,0.008585114322242933,0.007466857700757398,True,True,False,True,A,0.0005008758952344329,0.00033408922830148257,9.198217092600384e-07,5.702823217621375e-05,5.712958640575398e-05,0.0008929131774213893,1.6236901205173737,eps_S,0.0009999999999999994,0.0009999999999999994,0.006593690668371562,0.0011841419313164151,0.0005247092315451186,0.09423102084569555,3.439949920236223e-16,0.3188699419999921,3.762455717598498e-16,0.001,s0
B,40,10.0,1.0,3.393070212207556,3.393070212207556,6.786140424415112,0.5,2,154,44,0.2314712382230554,0.22727272727272727,0.490930815027908,5257,0,0.6700796268685365,0.3333333333333333,0.1111111111111111,0.10583328683568403,1.822550328420958e-16,0.0035774610545107203,0.0018350838866054084,0.0022882351046711867,0.0021782312775783857,0.0034273069157958456,3.2687747820680413e-17,4.70670622916724e-17,0.008538932473939009,0.008496278103027895,0.004961471419428288,True,True,False,True,A,6.66959540605741e-06,4.224615537875816e-06,1.1008252699479897e-05,0.0018397072433503116,0.0018353790213814433,0.0018616097069937246,1.0144548271509182,eps_transfer,1.0000000000000016e-05,1.0000000000000016e-05,8.51241804954879e-05,1.5287206598447908e-05,6.773967051251801e-06,0.001216517248105012,5.33370152046457e-16,1.6235917210000252,3.762455717598498e-16,1e-05,s0
B,40,10.0,1.0,3.393070212207556,3.393070212207556,6.786140424415112,0.5,3,154,44,0.2314712382230554,0.22727272727272727,0.490930815027908,5257,0,0.5485164047215394,0.3333333333333333,0.03703703703703703,0.0344297148737323,1.7741776231225445e-16,0.0003242527762205955,0.000166327749139079,0.00020601542144761312,0.00020585727203633713,0.00028597276391369804,3.064181628462837e-17,4.8957169595970974e-17,0.008538932473939009,0.008539230131756998,0.008214679697718413,True,True,False,True,A,6.66959540605741e-06,4.224615537875816e-06,1.9141994842963938e-07,0.00016185704249381338,0.00016170836141807157,0.00017294267338617623,1.039770418834719,eps_transfer,1.0000000000000016e-05,1.0000000000000016e-05,8.51241804954879e-05,1.5287206598447908e-05,6.773967051251801e-06,0.001216517248105012,3.4811705795577855e-16,1.971443700000009,3.762455717598498e-16,1e-05,s0
B,40,10.0,1.0,3.393070212207556,3.393070212207556,6.786140424415112,0.5,4,154,44,0.2314712382230554,0.22727272727272727,0.490930815027908,5257,0,0.449006706344277,0.3333333333333333,0.012345679012345677,0.01120068460244417,2.0934913961680564e-16,4.556328311452792e-05,2.3372007518820052e-05,2.530037556477356e-05,2.5869230046709925e-05,4.855994766963055e-05,2.9093124525553715e-17,5.239435173982937e-17,0.008538932473939009,0.008538702113994387,0.00849336919082448,True,True,False,True,A,6.66959540605741e-06,4.224615537875816e-06,4.7829581377896135e-09,1.8872104501669628e-05,1.886862255924341e-05,2.9771098403740644e-05,1.2737929499538196,eps_transfer,1.0000000000000016e-05,1.0000000000000016e-05,8.51241804954879e-05,1.5287206598447908e-05,6.773967051251801e-06,0.001216517248105012,4.461996476790024e-16,1.9118742499999826,3.762455717598498e-16,1e-05,s0
B,40,10.0,1.0,3.393070212207556,3.393070212207556,6.786140424415112,0.5,5,154,44,0.2314712382230554,0.22727272727272727,0.490930815027908,5257,0,0.36754966780708026,0.3333333333333333,0.004115226337448558,0.0036438098899025276,2.0565797666845013e-16,1.657163117256817e-05,8.500535121466719e-06,1.087654438762712e-05,1.2136968564242436e-05,1.4303219112219593e-05,3.326590232815943e-17,4.4869546509447875e-17,0.008538932473939009,0.008538708512706609,0.00852236084276644,True,True,False,True,A,6.66959540605741e-06,4.224615537875816e-06,1.9363413693705394e-10,2.4026664042547333e-06,2.402580389823535e-06,1.3297070982324897e-05,1.564262813142823,eps_S,1.0000000000000016e-05,1.0000000000000016e-05,8.51241804954879e-05,1.5287206598447908e-05,6.773967051251801e-06,0.001216517248105012,3.743948896828458e-16,1.2519576549999556,3.762455717598498e-16,1e-05,s0
B,40,10.0,1.0,3.393070212207556,3.393070212207556,6.786140424415112,0.5,6,154,44,0.2314712382230554,0.22727272727272727,0.490930815027908,5257,0,0.30087024624864367,0.3333333333333333,0.0013717421124828527,0.0011854052662865033,1.5509296535031992e-16,1.5046987356932733e-05,7.71845831999953e-06,1.033097583251702e-05,1.1686767319736045e-05,1.5525209345240634e-05,3.145393400922166e-17,4.773726381052907e-17,0.008538932473939009,0.008538708573043044,0.008523885486582075,True,True,False,True,A,6.66959540605741e-06,4.224615537875816e-06,1.0039384819128822e-11,3.912537286382206e-07,3.912516257308594e-07,1.1285474711956267e-05,1.4621410447620264,eps_S,1.0000000000000016e-05,1.0000000000000016e-05,8.51241804954879e-05,1.5287206598447908e-05,6.773967051251801e-06,0.001216517248105012,3.24247823593155e-16,0.5558937860000697,3.762455717598498e-16,1e-05,s0
B,40,10.0,1.0,3.393070212207556,3.393070212207556,6.786140424415112,0.6,2,154,37,0.2777654858676665,0.2702702702702703,0.5838096178710258,5257,0,0.5655649350863764,0.4285714285714286,0.18367346938775514,0.16994140701211183,1.9600606458667275e-16,0.003913726917618345,0.0020075738334145313,0.002706802303293161,0.0028866194955541593,0.004250756963310777,3.30502196559348e-17,5.3023444545883954e-17,0.008538932473939009,0.008480760050608731,0.0046252055563206634,True,True,False,True,A,6.66959540605741e-06,4.224615537875816e-06,1.6938136164394738e-05,0.0020164322853164066,0.0020086729696611,0.0020442646324247346,1.0182761890992564,eps_transfer,1.0000000000000016e-05,1.0000000000000016e-05,8.51241804954879e-05,1.5287206598447908e-05,6.773967051251801e-06,0.001216517248105012,5.787805797280755e-16,0.5365089779999153,3.762455717598498e-16,1e-05,s0
B,40,10.0,1.0,3.393070212207556,3.393070212207556,6.786140424415112,0.6,3,154,37,0.2777654858676665,0.2702702702702703,0.5838096178710258,5257,0,0.4253277446290041,0.4285714285714286,0.07871720116618078,0.07005656099645081,1.724699145350009e-16,0.00041848507755542943,0.00021466487290993427,0.0003414801201782522,0.0003504177675894187,0.0005057151950480528,2.903391220970082e-17,4.8377532194007465e-17,0.008538932473939009,0.008538592067815107,0.00812044739638358,True,True,False,True,A,6.66959540605741e-06,4.224615537875816e-06,5.86992110716186e-07,0.0002157616400341645,0.0002155347569485981,0.0002272428430888139,1.0585935183916044,eps_transfer,1.0000000000000016e-05,1.0000000000000016e-05,8.51241804954879e-05,1.5287206598447908e-05,6.773967051251801e-06,0.001216517248105012,3.6063975184727344e-16,1.8531472949999852,3.762455717598498e-16,1e-05,s0
B,40,10.0,1.0,3.393070212207556,3.393070212207556,6.786140424415112,0.6,4,154,37,0.2777654858676665,0.2702702702702703,0.5838096178710258,5257,0,0.3198636957992571,0.4285714285714286,0.03373594335693462,0.028880081817256247,1.8305133924345132e-16,6.412607967833719e-05,3.289392497523231e-05,3.880095901906816e-05,3.617039567632551e-05,4.559880561310561e-05,3.4744708129760555e-17,4.976213455286719e-17,0.008538932473939009,0.00853889516364354,0.00847480639426067,True,True,False,True,A,6.66959540605741e-06,4.224615537875816e-06,2.8953038554893918e-08,3.39871675261837e-05,3.3986666479176436e-05,4.491033150867182e-05,1.3653077746874944,eps_transfer,1.0000000000000016e-05,1.0000000000000016e-05,8.51241804954879e-05,1.5287206598447908e-05,6.773967051251801e-06,0.001216517248105012,4.1581069056957505e-16,1.2253870829999869,3.762455717598498e-16,1e-05,s0
B,40,10.0,1.0,3.393070212207556,3.393070212207556,6.786140424415112,0.6,5,154,37,0.2777654858676665,0.2702702702702703,0.5838096178710258,5257,0,0.2405504582815375,0.4285714285714286,0.014458261438686266,0.011905510546166686,1.71952204273683e-16,1.3819942059608103e-05,7.089036778032993e-06,1.1162659973817525e-05,1.1871945936894842e-05,1.6468802670121e-05,2.987841148971226e-17,4.738568277391255e-17,0.008538932473939009,0.008538737758982173,0.008525112531879401,True,True,False,True,A,6.66959540605741e-06,4.224615537875816e-06,1.915022167255004e-09,5.054249309972642e-06,5.055191203205198e-06,1.5950375276073124e-05,2.2500059987696805,eps_S,1.0000000000000016e-05,1.0000000000000016e-05,8.51241804954879e-05,1.5287206598447908e-05,6.773967051251801e-06,0.001216517248105012,3.421586526214632e-16,0.6069745180000155,3.762455717598498e-16,1e-05,s0
B,40,10.0,1.0,3.393070212207556,3.393070212207556,6.786140424415112,0.6,6,154,37,0.2777654858676665,0.2702702702702703,0.5838096178710258,5257,0,0.1809036903511953,0.4285714285714286,0.006196397759436972,0.004907921738649434,1.877288741487255e-16,1.4646004577218994e-05,7.5127713742447654e-06,1.0164044523846677e-05,1.0383295288332362e-05,1.4884084980446125e-05,4.3117380213378637e-17,4.9473372962913424e-17,0.008538932473939009,0.008538715639544822,0.00852428646936179,True,True,False,True,A,6.66959540605741e-06,4.224615537875816e-06,1.5528426782319734e-10,8.484645649704167e-07,8.485219491399359e-07,1.1742830793171468e-05,1.5630491343618103,eps_S,1.0000000000000016e-05,1.0000000000000016e-05,8.51241804954879e-05,1.5287206598447908e-05,6.773967051251801e-06,0.001216517248105012,3.905581449912564e-16,0.5664614739999934,3.762455717598498e-16,1e-05,s0
B,40,10.0,1.0,3.393070212207556,3.393070212207556,6.786140424415112,0.7,2,154,31,0.32405973351227757,0.3225806451612903,0.6968050277815467,5257,0,0.4404640668534509,0.5384615384615384,0.28994082840236685,0.2858931565603545,2.2670305320122547e-16,0.005411808431437214,0.0027760253147700513,0.004720655856422921,0.0049276618034467205,0.0066955804094943755,2.944173619702685e-17,4.5249198600864445e-17,0.008538932473939009,0.008508095032071498,0.003127124042501795,True,True,False,True,A,6.66959540605741e-06,4.224615537875816e-06,5.5186413257979395e-05,0.0028168236110278984,0.0027767759311621127,0.002882904235229811,1.0385007009450173,eps_transfer,1.0000000000000016e-05,1.0000000000000016e-05,8.51241804954879e-05,1.5287206598447908e-05,6.773967051251801e-06,0.001216517248105012,4.1265504543848093e-16,0.5454944210000576,3.762455717598498e-16,1e-05,s0
B,40,10.0,1.0,3.393070212207556,3.393070212207556,6.786140424415112,0.7,3,154,31,0.32405973351227757,0.3225806451612903,0.6968050277815467,5257,0,0.2923248439682189,0.5384615384615384,0.15612198452435136,0.15286414784156968,1.8143079807413768e-16,0.0007830920256750759,0.0004016925792200023,0.0006309148446696988,0.0006849216383159995,0.0009244784028998486,3.7343480340516465e-17,4.9981155515502565e-17,0.008538932473939009,0.008542724988847896,0.007755840448263933,True,True,False,True,A,6.66959540605741e-06,4.224615537875816e-06,2.7552441155782846e-06,0.0003978145732272261,0.00039906665145829264,0.00041146402828673765,1.0243256897742778,eps_transfer,1.0000000000000016e-05,1.0000000000000016e-05,8.51241804954879e-05,1.5287206598447908e-05,6.773967051251801e-06,0.001216517248105012,4.55412883710379e-16,1.8244829440000103,3.762455717598498e-16,1e-05,s0
B,40,10.0,1.0,3.393070212207556,3.393070212207556,6.786140424415112,0.7,4,154,31,0.32405973351227757,0.3225806451612903,0.6968050277815467,5257,0,0.19400859418908126,0.5384615384615384,0.08406568397465074,0.08173489696804338,2.2846696274028713e-16,0.00013377908372241403,6.862292479586858e-05,0.00010623015686844304,0.00010991442342106716,0.00015519122246833756,3.0907366713069036e-17,4.944042944963969e-17,0.008538932473939009,0.008539847795889063,0.008405153390216595,True,True,False,True,A,6.66959540605741e-06,4.224615537875816e-06,1.9998471760247564e-07,7.023351991776892e-05,7.019163038059137e-05,8.132771557930462e-05,1.185139161894203,eps_transfer,1.0000000000000016e-05,1.0000000000000016e-05,8.51241804954879e-05,1.5287206598447908e-05,6.773967051251801e-06,0.001216517248105012,3.5786436693723355e-16,0.5678172520000544,3.762455717598498e-16,1e-05,s0
B,40,10.0,1.0,3.393070212207556,3.393070212207556,6.786140424415112,0.7,5,154,31,0.32405973351227757,0.3225806451612903,0.6968050277815467,5257,0,0.12875858961654216,0.5384615384615384,0.04526613752481193,0.043702813751335064,1.5739867054029164e-16,3.14964760818191e-05,1.6156339611222922e-05,2.3054755993510597e-05,2.3066407952355947e-05,3.8688843992246764e-05,3.1981775056714623e-17,4.806180393987856e-17,0.008538932473939009,0.008538927946637614,0.00850743599785719,True,True,False,True,A,6.66959540605741e-06,4.224615537875816e-06,1.9876826970607465e-08,1.533663513483079e-05,1.5332932379879905e-05,2.6250722905734624e-05,1.6247939531736315,eps_transfer,1.0000000000000016e-05,1.0000000000000016e-05,8.51241804954879e-05,1.5287206598447908e-05,6.773967051251801e-06,0.001216517248105012,5.25414695668307e-16,0.8836042229999066,3.762455717598498e-16,1e-05,s0
B,40,10.0,1.0,3.393070212207556,3.393070212207556,6.786140424415112,0.7,6,154,31,0.32405973351227757,0.3225806451612903,0.6968050277815467,5257,0,0.08545381440104352,0.5384615384615384,0.024374074051821806,0.023367447695329273,1.3721231482502833e-16,1.4222649695256304e-05,7.295608500808057e-06,1.1175733209671841e-05,1.1642653369137024e-05,1.8924280783927183e-05,3.2668379156232833e-17,5.064873582778298e-17,0.008538932473939009,0.008538761423834224,0.008524709824243751,True,True,False,True,A,6.66959540605741e-06,4.224615537875816e-06,2.6846777384093968e-09,3.8530633183498845e-06,3.854973337009457e-06,1.474995894002152e-05,2.02175856042547,eps_S,1.0000000000000016e-05,1.0000000000000016e-05,8.51241804954879e-05,1.5287206598447908e-05,6.773967051251801e-06,0.001216517248105012,4.2354607363172304e-16,0.5399751639999977,3.762455717598498e-16,1e-05,s0
B,40,10.0,1.0,3.393070212207556,3.393070212207556,6.786140424415112,0.8,2,154,28,0.3703539811568886,0.35714285714285715,0.7714627093295697,5257,0,0.3632101186270346,0.6666666666666667,0.44444444444444453,0.39432398068714347,1.7720193555987317e-16,0.009654121052158886,0.004952149502736603,0.006452562314411072,0.006663521615000536,0.008923659779882222,2.936240629628445e-17,4.4997814140806016e-17,0.008538932473939009,0.008629963007253928,-0.0011151885782198778,True,False,False,True,B,6.66959540605741e-06,4.224615537875816e-06,8.337477229588443e-05,0.004930717770478684,0.004953102589145247,0.005024986753718501,1.0147082092213993,eps_transfer,1.0000000000000016e-05,1.0000000000000016e-05,8.51241804954879e-05,1.5287206598447908e-05,6.773967051251801e-06,0.001216517248105012,3.9595189544459846e-16,0.48540770199997496,3.762455717598498e-16,1e-05,s0
B,40,10.0,1.0,3.393070212207556,3.393070212207556,6.786140424415112,0.8,3,154,28,0.3703539811568886,0.35714285714285715,0.7714627093295697,5257,0,0.218895537762986,0.6666666666666667,0.2962962962962964,0.24761661595840934,1.7680326188029127e-16,0.0014021257868279482,0.0007192303142357485,0.0008110408571032641,0.0007895965046664136,0.0012656947342922329,2.944117508092499e-17,4.561580119686388e-17,0.008538932473939009,0.008539635875703614,0.007136806687111061,True,True,False,True,A,6.66959540605741e-06,4.224615537875816e-06,4.714930965112636e-06,0.0007256842297242852,0.0007219296586425192,0.0007412933716333311,1.030675928087134,eps_transfer,1.0000000000000016e-05,1.0000000000000016e-05,8.51241804954879e-05,1.5287206598447908e-05,6.773967051251801e-06,0.001216517248105012,3.7114322017238e-16,1.645336294000117,3.762455717598498e-16,1e-05,s0
B,40,10.0,1.0,3.393070212207556,3.393070212207556,6.786140424415112,0.8,4,154,28,0.3703539811568886,0.35714285714285715,0.7714627093295697,5257,0,0.13192159027306458,0.6666666666666667,0.19753086419753096,0.15549140174495468,2.2995146954226893e-16,0.0002692032106625559,0.00013808968611591556,0.0001726094326180587,0.0001858970859922324,0.0002855436018441358,3.505188367036344e-17,4.9030444657653194e-17,0.008538932473939009,0.008538639934187272,0.008269729263276453,True,True,False,True,A,6.66959540605741e-06,4.224615537875816e-06,6.089570583003043e-07,0.0001365074451945703,0.00013694603846575552,0.00014801061319680384,1.0718440845217103,eps_transfer,1.0000000000000016e-05,1.0000000000000016e-05,8.51241804954879e-05,1.5287206598447908e-05,6.773967051251801e-06,0.001216517248105012,4.3853462861875855e-16,0.49325325900008465,3.762455717598498e-16,1e-05,s0
B,40,10.0,1.0,3.393070212207556,3.393070212207556,6.786140424415112,0.8,5,154,28,0.3703539811568886,0.35714285714285715,0.7714627093295697,5257,0,0.07950507423782271,0.6666666666666667,0.13168724279835398,0.09764116968899961,1.9905643858349764e-16,5.449618768220167e-05,2.79542039377169e-05,3.9482341212433565e-05,4.009117719791986e-05,5.555941442613439e-05,3.732512466229805e-17,5.333707377006829e-17,0.008538932473939009,0.008538570886116509,0.008484436286256806,True,True,False,True,A,6.66959540605741e-06,4.224615537875816e-06,9.687292928896797e-08,2.7538039510181127e-05,2.7568024655468067e-05,3.8529123383403324e-05,1.3782944228799279,eps_transfer,1.0000000000000016e-05,1.0000000000000016e-05,8.51241804954879e-05,1.5287206598447908e-05,6.773967051251801e-06,0.001216517248105012,3.6970593791225135e-16,1.7000004829999398,3.762455717598498e-16,1e-05,s0
B,40,10.0,1.0,3.393070212207556,3.393070212207556,6.786140424415112,0.8,6,154,28,0.3703539811568886,0.35714285714285715,0.7714627093295697,5257,0,0.047915256452546844,0.6666666666666667,0.08779149519890267,0.06131398849869437,1.597548675027843e-16,1.9968260285429026e-05,1.0242859987848322e-05,1.4607841118740356e-05,1.5595793490145866e-05,2.0798469367869732e-05,4.258826023770522e-17,5.2619293340294343e-17,0.008538932473939009,0.008538685978604108,0.00851896421365358,True,True,False,True,A,6.66959540605741e-06,4.224615537875816e-06,1.8101163242793915e-08,9.090079265014423e-06,9.10620055678438e-06,2.0002391372190443e-05,1.9528131201559331,eps_transfer,1.0000000000000016e-05,1.0000000000000016e-05,8.51241804954879e-05,1.5287206598447908e-05,6.773967051251801e-06,0.001216517248105012,3.199799332402787e-16,1.1138250390001758,3.762455717598498e-16,1e-05,s0
B,40,10.0,1.0,4.0147348170157295,4.0147348170157295,8.029469634031459,0.5,2,238,52,0.19562890183149328,0.19230769230769232,0.49151145487014564,8733,0,0.6699176040722647,0.3333333333333333,0.1111111111111111,0.10616546201214995,1.759872546549576e-16,0.0017519237109651293,0.0008986616272175621,0.0013573044856463282,0.0012992245085475676,0.001946768253893976,3.417023631192026e-17,4.749718167271991e-17,0.008538932473939009,0.008543794766717551,0.006787008762973879,True,True,False,True,A,6.075357381202373e-08,3.767637382792662e-08,4.284233527383397e-06,0.0008968859526472868,0.0008986386552966311,0.0009012686161223102,1.00290096831309,eps_transfer,9.999999999999959e-08,9.999999999999959e-08,1.0072028865645514e-06,1.8088066779428844e-07,8.015065904658695e-08,1.4394026194612002e-05,4.766634721579089e-16,1.7428744329999972,3.762455717598498e-16,1e-07,s0
B,40,10.0,1.0,4.0147348170157295,4.0147348170157295,8.029469634031459,0.5,3,238,52,0.19562890183149328,0.19230769230769232,0.49151145487014564,8733,0,0.5483174728655184,0.3333333333333333,0.03703703703703703,0.03459193698157057,2.0678209266386916e-16,0.00017791693881360546,9.126374895384047e-05,0.00011747553879073563,0.00012937514092109786,0.00015959997584211308,3.558002698776699e-17,4.727721271030642e-17,0.008538932473939009,0.0085382950208127,0.008361015535125403,True,True,False,True,A,6.075357381202373e-08,3.767637382792662e-08,6.437894115975832e-08,9.131756942834913e-05,9.129060484906564e-05,9.148037831714883e-05,1.002373662771819,eps_transfer,9.999999999999959e-08,9.999999999999959e-08,1.0072028865645514e-06,1.8088066779428844e-07,8.015065904658695e-08,1.4394026194612002e-05,3.695252162000608e-16,2.1441043009999703,3.762455717598498e-16,1e-07,s0
B,40,10.0,1.0,4.0147348170157295,4.0147348170157295,8.029469634031459,0.5,4,238,52,0.19562890183149328,0.19230769230769232,0.49151145487014564,8733,0,0.4487895962459238,0.3333333333333333,0.012345679012345677,0.011271105324253254,2.0407512829625667e-16,1.2352468034633558e-05,6.336285624013491e-06,8.597826036635129e-06,8.585485271248312e-06,1.298040445409294e-05,3.496942089290329e-17,5.4066952764674546e-17,0.008538932473939009,0.008538831269881612,0.008526580005904375,True,True,False,True,A,6.075357381202373e-08,3.767637382792662e-08,1.2170705537031083e-09,6.315832253048832e-06,6.316104320414857e-06,6.415479271242486e-06,1.012498433929314,eps_transfer,9.999999999999959e-08,9.999999999999959e-08,1.0072028865645514e-06,1.8088066779428844e-07,8.015065904658695e-08,1.4394026194612002e-05,3.0943751455733323e-16,2.128556493999895,3.762455717598498e-16,1e-07,s0
B,40,10.0,1.0,4.0147348170157295,4.0147348170157295,8.029469634031459,0.5,5,238,52,0.19562890183149328,0.19230769230769232,0.49151145487014564,8733,0,0.3673275276930271,0.3333333333333333,0.004115226337448558,0.003672468971543616,2.212512482130111e-16,1.5526766852616904e-06,7.964564597115691e-07,1.0715109689252708e-06,1.1260780036825646e-06,1.4966279547038805e-06,4.740572615246603e-17,4.8007895006491456e-17,0.008538932473939009,0.008538920701930412,0.008537379797253747,True,True,False,True,A,6.075357381202373e-08,3.767637382792662e-08,3.0518640858832716e-11,7.620947348932972e-07,7.621209997865631e-07,8.605552011741063e-07,1.0804799065673347,eps_transfer,9.999999999999959e-08,9.999999999999959e-08,1.0072028865645514e-06,1.8088066779428844e-07,8.015065904658695e-08,1.4394026194612002e-05,3.4649665276088046e-16,2.0067221240001345,3.762455717598498e-16,1e-07,s0
B,40,10.0,1.0,4.0147348170157295,4.0147348170157295,8.029469634031459,0.5,6,238,52,0.19562890183149328,0.19230769230769232,0.49151145487014564,8733,0,0.30065205104962844,0.3333333333333333,0.0013717421124828527,0.0011966021041369499,1.5062601670604532e-16,1.8603792798113143e-07,9.542946764023499e-08,1.5136317871729817e-07,1.5547532842213386e-07,1.9105110612001472e-07,4.587371368003694e-17,4.747952955574623e-17,0.008538932473939009,0.008538930713638758,0.008538746436011027,True,True,False,True,A,6.075357381202373e-08,3.767637382792662e-08,1.0576268937038785e-12,7.271815316147443e-08,7.271788034590149e-08,1.7114915842831847e-07,1.7934623618937442,eps_transfer,9.999999999999959e-08,9.999999999999959e-08,1.0072028865645514e-06,1.8088066779428844e-07,8.015065904658695e-08,1.4394026194612002e-05,3.5660967003779674e-16,2.0435613060001288,3.762455717598498e-16,1e-07,s0
B,40,10.0,1.0,4.0147348170157295,4.0147348170157295,8.029469634031459,0.6,2,238,43,0.23475468219779194,0.23255813953488372,0.5943859454243621,8733,0,0.5541081871086002,0.4285714285714286,0.18367346938775514,0.17881538477713507,1.790660760709267e-16,0.00350159636310862,0.0017961685579315294,0.0023617902832024406,0.002604420338260787,0.003702847890073533,3.184466859089208e-17,4.7933944425758246e-17,0.008538932473939009,0.00855216638552063,0.005037336110830388,True,True,False,True,A,6.075357381202373e-08,3.767637382792662e-08,1.0436996398356015e-05,0.0017997536243111142,0.0017961569491080703,0.00181028905065711,1.0078614519017313,eps_transfer,9.999999999999959e-08,9.999999999999959e-08,1.0072028865645514e-06,1.8088066779428844e-07,8.015065904658695e-08,1.4394026194612002e-05,5.065227590826696e-16,2.232171315999949,3.762455717598498e-16,1e-07,s0
B,40,10.0,1.0,4.0147348170157295,4.0147348170157295,8.029469634031459,0.6,3,238,43,0.23475468219779194,0.23255813953488372,0.5943859454243621,8733,0,0.41246950980397623,0.4285714285714286,0.07871720116618078,0.0756148895859373,1.8253858317729212e-16,0.000225905215835591,0.0001158796742056239,0.0002039302181614005,0.00019293547995080467,0.00030716899885394343,3.3178351234657313e-17,4.999752293344222e-17,0.008538932473939009,0.008538700872168703,0.008313027258103418,True,True,False,True,A,6.075357381202373e-08,3.767637382792662e-08,1.9631168992678454e-07,0.0001159026411070569,0.00011588842691894944,0.00011619738274462363,1.0027417106682228,eps_transfer,9.999999999999959e-08,9.999999999999959e-08,1.0072028865645514e-06,1.8088066779428844e-07,8.015065904658695e-08,1.4394026194612002e-05,4.004372644862092e-16,2.0548016669999924,3.762455717598498e-16,1e-07,s0
B,40,10.0,1.0,4.0147348170157295,4.0147348170157295,8.029469634031459,0.6,4,238,43,0.23475468219779194,0.23255813953488372,0.5943859454243621,8733,0,0.3070358830207796,0.4285714285714286,0.03373594335693462,0.03197494183299487,1.7551654779595894e-16,3.647590687525995e-05,1.871057376619399e-05,2.452210619983043e-05,2.425675061937245e-05,3.660575180101121e-05,3.325226380907796e-17,5.0901325306286556e-17,0.008538932473939009,0.008539055450733465,0.008502456567063749,True,True,False,True,A,6.075357381202373e-08,3.767637382792662e-08,5.898289251031495e-09,1.8720026026954013e-05,1.871691779466529e-05,1.8824354263844996e-05,1.006081080092615,eps_transfer,9.999999999999959e-08,9.999999999999959e-08,1.0072028865645514e-06,1.8088066779428844e-07,8.015065904658695e-08,1.4394026194612002e-05,3.8409085512567736e-16,2.096236253000143,3.762455717598498e-16,1e-07,s0
B,40,10.0,1.0,4.0147348170157295,4.0147348170157295,8.029469634031459,0.6,5,238,43,0.23475468219779194,0.23255813953488372,0.5943859454243621,8733,0,0.2285527323150543,0.4285714285714286,0.014458261438686266,0.013521105576189962,2.179072157006938e-16,3.627271216670023e-06,1.8606343606916288e-06,2.9484684797723377e-06,3.2490759883931017e-06,4.114949429930313e-06,3.708983810978195e-17,4.794902929640488e-17,0.008538932473939009,0.008538936690799945,0.008535305202722339,True,True,False,True,A,6.075357381202373e-08,3.767637382792662e-08,2.705460128403229e-10,1.8672720979804493e-06,1.8673244875205012e-06,1.96597259163324e-06,1.0566141490058558,eps_transfer,9.999999999999959e-08,9.999999999999959e-08,1.0072028865645514e-06,1.8088066779428844e-07,8.015065904658695e-08,1.4394026194612002e-05,4.1127533986685305e-16,2.0433043570001246,3.762455717598498e-16,1e-07,s0
B,40,10.0,1.0,4.0147348170157295,4.0147348170157295,8.029469634031459,0.6,6,238,43,0.23475468219779194,0.23255813953488372,0.5943859454243621,8733,0,0.17013109651793246,0.4285714285714286,0.006196397759436972,0.00571761152709349,2.2386461081923137e-16,6.722180263521791e-07,3.448189790603567e-07,4.7300128373555596e-07,5.219152123935046e-07,5.947017813086833e-07,3.916494532826073e-17,4.752743056783323e-17,0.008538932473939009,0.008538933087785097,0.008538260255912656,True,True,False,True,A,6.075357381202373e-08,3.767637382792662e-08,1.8292671425053452e-11,3.670741663885787e-07,3.6705859164110005e-07,4.655224066999541e-07,1.3500486776235991,eps_transfer,9.999999999999959e-08,9.999999999999959e-08,1.0072028865645514e-06,1.8088066779428844e-07,8.015065904658695e-08,1.4394026194612002e-05,3.052801839520855e-16,1.943174350999925,3.762455717598498e-16,1e-07,s0
B,40,10.0,1.0,4.0147348170157295,4.0147348170157295,8.029469634031459,0.7,2,238,37,0.2738804625640906,0.2702702702702703,0.6907728554931777,8733,0,0.44732903736550766,0.5384615384615384,0.28994082840236685,0.2783815985817757,2.304946241376937e-16,0.003914787156691719,0.002008117690527118,0.0027072409022577152,0.003019892992890525,0.005185236969971196,3.444703641601949e-17,4.665618191139786e-17,0.008538932473939009,0.008480930329947433,0.00462414531724729,True,True,False,True,A,6.075357381202373e-08,3.767637382792662e-08,1.6943736898385577e-05,0.00201584430339472,0.002008143748409229,0.0020328864702407455,1.0123343267331737,eps_transfer,9.999999999999959e-08,9.999999999999959e-08,1.0072028865645514e-06,1.8088066779428844e-07,8.015065904658695e-08,1.4394026194612002e-05,3.168568093591984e-16,2.1867194809999546,3.762455717598498e-16,1e-07,s0
B,40,10.0,1.0,4.0147348170157295,4.0147348170157295,8.029469634031459,0.7,3,238,37,0.2738804625640906,0.2702702702702703,0.6907728554931777,8733,0,0.29918556465957874,0.5384615384615384,0.15612198452435136,0.14687936510934957,1.8580146967971788e-16,0.00041983934211842894,0.00021535955247175022,0.00034279567890008894,0.00033885969774573934,0.0005657724793342785,4.5035258451463594e-17,4.8841478982052465e-17,0.008538932473939009,0.008538782261330173,0.00811909313182058,True,True,False,True,A,6.075357381202373e-08,3.767637382792662e-08,5.864298130967983e-07,0.0002155961719283919,0.0002153775535996877,0.00021628103168912867,1.0042787942619789,eps_transfer,9.999999999999959e-08,9.999999999999959e-08,1.0072028865645514e-06,1.8088066779428844e-07,8.015065904658695e-08,1.4394026194612002e-05,4.012510251546169e-16,0.7416631529999904,3.762455717598498e-16,1e-07,s0
B,40,10.0,1.0,4.0147348170157295,4.0147348170157295,8.029469634031459,0.7,4,238,37,0.2738804625640906,0.2702702702702703,0.6907728554931777,8733,0,0.20010326767035178,0.5384615384615384,0.08406568397465074,0.0774963144289449,2.0026628091980043e-16,6.606358212892352e-05,3.388778052618135e-05,3.8969196220600206e-05,3.9021518686801536e-05,7.900327357849325e-05,3.5232764855603106e-17,4.750680263896493e-17,0.008538932473939009,0.008539110117805634,0.008472868891810086,True,True,False,True,A,6.075357381202373e-08,3.767637382792662e-08,2.864486929016562e-08,3.3912314409326567e-05,3.391322797866359e-05,3.4039389226256684e-05,1.004473845667119,eps_transfer,9.999999999999959e-08,9.999999999999959e-08,1.0072028865645514e-06,1.8088066779428844e-07,8.015065904658695e-08,1.4394026194612002e-05,4.616004767908623e-16,1.479763561000027,3.762455717598498e-16,1e-07,s0
B,40,10.0,1.0,4.0147348170157295,4.0147348170157295,8.029469634031459,0.7,5,238,37,0.2738804625640906,0.2702702702702703,0.6907728554931777,8733,0,0.13383439063282518,0.5384615384615384,0.04526613752481193,0.04088851245781702,2.088324510310983e-16,9.82988506507918e-06,5.042308893164753e-06,6.3592251606482265e-06,6.718400875475065e-06,1.0473939671347748e-05,3.5842876708332636e-17,4.909005796623695e-17,0.008538932473939009,0.008538957747655125,0.008529102588873929,True,True,False,True,A,6.075357381202373e-08,3.767637382792662e-08,1.8464599553648834e-09,5.076657212706748e-06,5.077536263269706e-06,5.176933620302063e-06,1.026699024195008,eps_transfer,9.999999999999959e-08,9.999999999999959e-08,1.0072028865645514e-06,1.8088066779428844e-07,8.015065904658695e-08,1.4394026194612002e-05,3.143100930689298e-16,0.7705058290000579,3.762455717598498e-16,1e-07,s0
B,40,10.0,1.0,4.0147348170157295,4.0147348170157295,8.029469634031459,0.7,6,238,37,0.2738804625640906,0.2702702702702703,0.6907728554931777,8733,0,0.08951200210067095,0.5384615384615384,0.024374074051821806,0.021573547894925615,2.144022548448415e-16,1.587271990325913e-06,8.142023655113001e-07,1.0876430441259407e-06,1.128965522225839e-06,1.5152610775637562e-06,2.8038507226232454e-17,5.47797685720802e-17,0.008538932473939009,0.008538937951853379,0.008537345201948683,True,True,False,True,A,6.075357381202373e-08,3.767637382792662e-08,1.7485958341906555e-10,8.372075241373548e-07,8.373036950777717e-07,9.358123313607243e-07,1.149360860396243,eps_transfer,9.999999999999959e-08,9.999999999999959e-08,1.0072028865645514e-06,1.8088066779428844e-07,8.015065904658695e-08,1.4394026194612002e-05,6.139882440426777e-16,0.7841250399999353,3.762455717598498e-16,1e-07,s0
B,40,10.0,1.0,4.0147348170157295,4.0147348170157295,8.029469634031459,0.8,2,238,32,0.31300624293038926,0.3125,0.7987061141639866,8733,0,0.3367910377079482,0.6666666666666667,0.44444444444444453,0.44205416281534093,2.1254716485206478e-16,0.00676966038217438,0.0034725450524347528,0.005053870239991954,0.004870687606077255,0.006210358652005345,3.658139361658244e-17,4.896410124764239e-17,0.008538932473939009,0.008498867214459558,0.0017692720917646286,True,True,False,True,A,6.075357381202373e-08,3.767637382792662e-08,4.8956570145152725e-05,0.003462013408087061,0.0034725610293084583,0.0035110684081798536,1.011093695017172,eps_transfer,9.999999999999959e-08,9.999999999999959e-08,1.0072028865645514e-06,1.8088066779428844e-07,8.015065904658695e-08,1.4394026194612002e-05,2.817927663845981e-16,2.1223689799999192,3.762455717598498e-16,1e-07,s0
B,40,10.0,1.0,4.0147348170157295,4.0147348170157295,8.029469634031459,0.8,3,238,32,0.31300624293038926,0.3125,0.7987061141639866,8733,0,0.19545230165130997,0.6666666666666667,0.2962962962962964,0.29390923136726294,2.0804914145815372e-16,0.0005855644029775986,0.00030036939161616445,0.0004816107963505434,0.0004703486731755217,0.0007060717074415346,4.6398198105257243e-17,4.77439432077233e-17,0.008538932473939009,0.00853851412396745,0.00795336807096141,True,True,False,True,A,6.075357381202373e-08,3.767637382792662e-08,1.996015429248934e-06,0.0002999839434371056,0.0003003617564726331,0.00030207838881399446,1.0056896516273999,eps_transfer,9.999999999999959e-08,9.999999999999959e-08,1.0072028865645514e-06,1.8088066779428844e-07,8.015065904658695e-08,1.4394026194612002e-05,4.898717294720256e-16,2.137096235999934,3.762455717598498e-16,1e-07,s0
B,40,10.0,1.0,4.0147348170157295,4.0147348170157295,8.029469634031459,0.8,4,238,32,0.31300624293038926,0.3125,0.7987061141639866,8733,0,0.11342820308039661,0.6666666666666667,0.19753086419753096,0.19541188286237193,1.9238464070040998e-16,0.00010283170869878604,5.2748250446307685e-05,7.71900224619661e-05,7.706307202728837e-05,0.0001020205884667458,3.604163495367288e-17,4.571697963234749e-17,0.008538932473939009,0.008538434636403927,0.008436100765240222,True,True,False,True,A,6.075357381202373e-08,3.767637382792662e-08,1.5249774478613704e-07,5.2776387325108256e-05,5.2753434509219676e-05,5.302731501753434e-05,1.005290499094576,eps_transfer,9.999999999999959e-08,9.999999999999959e-08,1.0072028865645514e-06,1.8088066779428844e-07,8.015065904658695e-08,1.4394026194612002e-05,2.3784506997899585e-16,2.0571871829999964,3.762455717598498e-16,1e-07,s0
B,40,10.0,1.0,4.0147348170157295,4.0147348170157295,8.029469634031459,0.8,5,238,32,0.31300624293038926,0.3125,0.7987061141639866,8733,0,0.06582658349555161,0.6666666666666667,0.13168724279835398,0.12992379921575575,2.0785220218365148e-16,1.7681102783655538e-05,9.069646411605145e-06,1.4010976390734999e-05,1.3585302310671867e-05,2.3408561709846242e-05,3.475257371732624e-17,5.102689880835902e-17,0.008538932473939009,0.008538904440578915,0.008521251371155353,True,True,False,True,A,6.075357381202373e-08,3.767637382792662e-08,1.5181958063892836e-08,9.050782067496295e-06,9.046763309350625e-06,9.164393973200139e-06,1.0104466654260917,eps_transfer,9.999999999999959e-08,9.999999999999959e-08,1.0072028865645514e-06,1.8088066779428844e-07,8.015065904658695e-08,1.4394026194612002e-05,2.3755012511528636e-16,2.156610591999879,3.762455717598498e-16,1e-07,s0
B,40,10.0,1.0,4.0147348170157295,4.0147348170157295,8.029469634031459,0.8,6,238,32,0.31300624293038926,0.3125,0.7987061141639866,8733,0,0.038201602220794655,0.6666666666666667,0.08779149519890267,0.0863826362828953,1.8259881407680034e-16,4.24152027170168e-06,2.1757177469467884e-06,3.151771580159216e-06,3.0129616595557507e-06,5.304066478652447e-06,3.413358382668056e-17,4.865619171509904e-17,0.008538932473939009,0.00853892985031363,0.008534690953667308,True,True,False,True,A,6.075357381202373e-08,3.767637382792662e-08,1.9501502378882407e-09,2.1588382965092756e-06,2.157504359174763e-06,2.2592183943871143e-06,1.0383784374409335,eps_transfer,9.999999999999959e-08,9.999999999999959e-08,1.0072028865645514e-06,1.8088066779428844e-07,8.015065904658695e-08,1.4394026194612002e-05,3.0991569051427775e-16,2.248251974999903,3.762455717598498e-16,1e-07,s0
B,40,10.0,1.0,4.552281388155439,4.552281388155439,9.104562776310878,0.5,2,341,58,0.17252847450093317,0.1724137931034483,0.49966764501391264,12797,0,0.6593927632031511,0.3333333333333333,0.1111111111111111,0.11091429087527675,2.5984629881845493e-16,0.0014030416524381379,0.000719700113961852,0.0011691885162391,0.0012028382482427754,0.002080819742077273,3.027779516535941e-17,5.706586971477662e-17,0.008538932473939009,0.008539376180314202,0.007135890821500871,True,True,False,True,A,5.447698066406943e-10,3.0992914959604167e-10,3.530475753924955e-06,0.0007191652432485255,0.0007197001612455374,0.0007226965737014067,1.0041634837641744,eps_transfer,1.0000000000000007e-09,1.0000000000000007e-09,1.142060724701235e-08,2.0509939884127694e-09,9.088230482365689e-10,1.632129157538269e-07,5.635032223117469e-16,2.284112780999976,3.762455717598498e-16,1e-09,s0
B,40,10.0,1.0,4.552281388155439,4.552281388155439,9.104562776310878,0.5,3,341,58,0.17252847450093317,0.1724137931034483,0.49966764501391264,12797,0,0.5354467226795696,0.3333333333333333,0.03703703703703703,0.03693867051247558,1.7303223582428805e-16,0.00013598430380348805,6.975410799410218e-05,8.596508889716115e-05,8.691624025905059e-05,0.0001246260630861255,3.4322050490507927e-17,5.241161251630967e-17,0.008538932473939009,0.008538378365229993,0.00840294817013552,True,True,False,True,A,5.447698066406943e-10,3.0992914959604167e-10,3.465829728604625e-08,6.975096350617815e-05,6.975415130365797e-05,6.978647650242043e-05,1.0004640373054585,eps_transfer,1.0000000000000007e-09,1.0000000000000007e-09,1.142060724701235e-08,2.0509939884127694e-09,9.088230482365689e-10,1.632129157538269e-07,4.535603034684157e-16,2.3538602480000463,3.762455717598498e-16,1e-09,s0
B,40,10.0,1.0,4.552281388155439,4.552281388155439,9.104562776310878,0.5,4,341,58,0.17252847450093317,0.1724137931034483,0.49966764501391264,12797,0,0.4347988161646869,0.3333333333333333,0.012345679012345677,0.012301979920365502,2.259277679319784e-16,6.867553772358651e-06,3.5227601575596086e-06,5.5523617333117255e-06,5.601223444610063e-06,7.872014545838541e-06,3.4275898915909945e-17,4.4266213285903996e-17,0.008538932473939009,0.008538926268654006,0.00853206492016665,True,True,False,True,A,5.447698066406943e-10,3.0992914959604167e-10,4.724336771203245e-10,3.5227242062259466e-06,3.522817661105028e-06,3.5240513388593036e-06,1.0003665254635414,eps_transfer,1.0000000000000007e-09,1.0000000000000007e-09,1.142060724701235e-08,2.0509939884127694e-09,9.088230482365689e-10,1.632129157538269e-07,3.898944340313623e-16,1.5782109050001054,3.762455717598498e-16,1e-09,s0
B,40,10.0,1.0,4.552281388155439,4.552281388155439,9.104562776310878,0.5,5,341,58,0.17252847450093317,0.1724137931034483,0.49966764501391264,12797,0,0.35306969401575267,0.3333333333333333,0.004115226337448558,0.004097026445766726,1.879512325113893e-16,9.939553095927127e-07,5.098563883287164e-07,5.922128199027814e-07,5.421630213487996e-07,8.672556105166697e-07,3.6135603010575655e-17,4.607321363184611e-17,0.008538932473939009,0.008538928130815084,0.008537938518629416,True,True,False,True,A,5.447698066406943e-10,3.0992914959604167e-10,9.973742149719968e-12,5.099054652312689e-07,5.09908787503707e-07,5.107701379296553e-07,1.0017921705442079,eps_transfer,1.0000000000000007e-09,1.0000000000000007e-09,1.142060724701235e-08,2.0509939884127694e-09,9.088230482365689e-10,1.632129157538269e-07,2.917817687041837e-16,2.170614330000035,3.762455717598498e-16,1e-09,s0
B,40,10.0,1.0,4.552281388155439,4.552281388155439,9.104562776310878,0.5,6,341,58,0.17252847450093317,0.1724137931034483,0.49966764501391264,12797,0,0.2867031928282918,0.3333333333333333,0.0013717421124828527,0.0013644653792292331,1.6403133042744535e-16,7.740031644216704e-08,3.9703038371889776e-08,5.534770986967331e-08,5.683698842242781e-08,6.935829155484961e-08,4.0627736905450913e-17,5.383303462210783e-17,0.008538932473939009,0.008538932182265693,0.008538855073622566,True,True,False,True,A,5.447698066406943e-10,3.0992914959604167e-10,2.4888231873362524e-13,3.9785826554231254e-08,3.978595345963615e-08,4.064077439278672e-08,1.0236187470619598,eps_transfer,1.0000000000000007e-09,1.0000000000000007e-09,1.142060724701235e-08,2.0509939884127694e-09,9.088230482365689e-10,1.632129157538269e-07,3.4519176595045366e-16,2.123029335999945,3.762455717598498e-16,1e-09,s0
B,40,10.0,1.0,4.552281388155439,4.552281388155439,9.104562776310878,0.6,2,341,49,0.2070341694011198,0.20408163265306123,0.5914433349144271,12797,0,0.555440496125821,0.4285714285714286,0.18367346938775514,0.1763102811804892,1.6720969480890563e-16,0.003057026754416789,0.0015681234407509516,0.0018952271084095986,0.0019730303653721372,0.002716480735987688,3.1737597836170246e-17,4.9644534089549185e-17,0.008538932473939009,0.008576321995635324,0.00548190571952222,True,True,False,True,A,5.447698066406943e-10,3.0992914959604167e-10,5.807788086137295e-06,0.0015700124235848865,0.0015681232460582715,0.00157582106636998,1.004908813565941,eps_transfer,1.0000000000000007e-09,1.0000000000000007e-09,1.142060724701235e-08,2.0509939884127694e-09,9.088230482365689e-10,1.632129157538269e-07,3.5182210602791764e-16,2.138245042000108,3.762455717598498e-16,1e-09,s0
B,40,10.0,1.0,4.552281388155439,4.552281388155439,9.104562776310878,0.6,3,341,49,0.2070341694011198,0.20408163265306123,0.5914433349144271,12797,0,0.41395802880760013,0.4285714285714286,0.07871720116618078,0.07403148433134127,2.062032640616294e-16,0.00021031270574773262,0.00010788138615217796,0.000145178633874739,0.00015055979236138455,0.0002250419895936196,3.005305211253812e-17,4.4730355986730824e-17,0.008538932473939009,0.008538908898948486,0.008328619768191277,True,True,False,True,A,5.447698066406943e-10,3.0992914959604167e-10,8.298996595177394e-08,0.00010793167958722283,0.00010788155791959208,0.00010801552425213084,1.0012433850243978,eps_transfer,1.0000000000000007e-09,1.0000000000000007e-09,1.142060724701235e-08,2.0509939884127694e-09,9.088230482365689e-10,1.632129157538269e-07,3.5422367116440104e-16,2.1103144660000908,3.762455717598498e-16,1e-09,s0
B,40,10.0,1.0,4.552281388155439,4.552281388155439,9.104562776310878,0.6,4,341,49,0.2070341694011198,0.20408163265306123,0.5914433349144271,12797,0,0.30851414473649824,0.4285714285714286,0.03373594335693462,0.031085315249943162,1.8589618513347257e-16,2.1487378200772474e-05,1.102210223977596e-05,1.4165687769573885e-05,1.3198342144464346e-05,2.2862199521156543e-05,3.9890404056702077e-17,5.215674579351023e-17,0.008538932473939009,0.00853899063861195,0.008517445095738237,True,True,False,True,A,5.447698066406943e-10,3.0992914959604167e-10,2.010267155409521e-09,1.1022488745767733e-05,1.1021952903169142e-05,1.1025353711879378e-05,1.0002949956399139,eps_transfer,1.0000000000000007e-09,1.0000000000000007e-09,1.142060724701235e-08,2.0509939884127694e-09,9.088230482365689e-10,1.632129157538269e-07,3.9605747554917033e-16,2.136453144000143,3.762455717598498e-16,1e-09,s0
B,40,10.0,1.0,4.552281388155439,4.552281388155439,9.104562776310878,0.6,5,341,49,0.2070341694011198,0.20408163265306123,0.5914433349144271,12797,0,0.22992905289616034,0.4285714285714286,0.014458261438686266,0.01305251181866776,1.9157952349162607e-16,2.2026306265918603e-06,1.1298549192885937e-06,1.5455523358932889e-06,1.4758064218579159e-06,3.1785052259273685e-06,3.531346306020091e-17,4.541296328561098e-17,0.008538932473939009,0.00853893500617698,0.008536729843312416,True,True,False,True,A,5.447698066406943e-10,3.0992914959604167e-10,6.335277982303199e-11,1.129708464195939e-06,1.129751409256307e-06,1.1306265159319988e-06,1.000682916567634,eps_transfer,1.0000000000000007e-09,1.0000000000000007e-09,1.142060724701235e-08,2.0509939884127694e-09,9.088230482365689e-10,1.632129157538269e-07,3.575352665281738e-16,2.1571026199999324,3.762455717598498e-16,1e-09,s0
B,40,10.0,1.0,4.552281388155439,4.552281388155439,9.104562776310878,0.6,6,341,49,0.2070341694011198,0.20408163265306123,0.5914433349144271,12797,0,0.17136124961427393,0.4285714285714286,0.006196397759436972,0.005480660672301628,2.4713113310668914e-16,2.7431338700678053e-07,1.4071098712356027e-07,1.9980368702071325e-07,2.048792396626302e-07,3.0097014610655794e-07,3.108561328408369e-17,5.2337271662997276e-17,0.008538932473939009,0.00853893294116246,0.008538658160552002,True,True,False,True,A,5.447698066406943e-10,3.0992914959604167e-10,2.435665004281092e-12,1.4061287293816708e-07,1.4061341367807156e-07,1.414700075594081e-07,1.0053941803079054,eps_transfer,1.0000000000000007e-09,1.0000000000000007e-09,1.142060724701235e-08,2.0509939884127694e-09,9.088230482365689e-10,1.632129157538269e-07,4.100710143812611e-16,2.238972942999908,3.762455717598498e-16,1e-09,s0
B,40,10.0,1.0,4.552281388155439,4.552281388155439,9.104562776310878,0.7,2,341,42,0.24153986430130642,0.23809523809523808,0.6900172240668315,12797,0,0.4455738272407399,0.5384615384615384,0.28994082840236685,0.27745253192837244,2.153719148754113e-16,0.002790287289474188,0.0014312975503836109,0.0023816582703107773,0.0025282036233776053,0.0030069871489460656,3.498674086811153e-17,4.930127331377285e-17,0.008538932473939009,0.008531623276336749,0.00574864518446482,True,True,False,True,A,5.447698066406943e-10,3.0992914959604167e-10,1.0637046835590932e-05,0.00143689908509731,0.0014312976032172793,0.001447536986631857,1.0113459540567884,eps_transfer,1.0000000000000007e-09,1.0000000000000007e-09,1.142060724701235e-08,2.0509939884127694e-09,9.088230482365689e-10,1.632129157538269e-07,4.604319433149244e-16,1.6508161799999925,3.762455717598498e-16,1e-09,s0
B,40,10.0,1.0,4.552281388155439,4.552281388155439,9.104562776310878,0.7,3,341,42,0.24153986430130642,0.23809523809523808,0.6900172240668315,12797,0,0.29742639626086237,0.5384615384615384,0.15612198452435136,0.1461446893873485,1.6735570802556882e-16,0.00028729134531849495,0.00014736812239798497,0.00022137649367049277,0.00023334248764415833,0.0003159264373379207,3.098832119098513e-17,4.4865494497395196e-17,0.008538932473939009,0.00854094892663481,0.008251641128620514,True,True,False,True,A,5.447698066406943e-10,3.0992914959604167e-10,2.1697229597618867e-07,0.00014749539031530957,0.0001473681330264737,0.00014771321731024199,1.002341720221725,eps_transfer,1.0000000000000007e-09,1.0000000000000007e-09,1.142060724701235e-08,2.0509939884127694e-09,9.088230482365689e-10,1.632129157538269e-07,3.7212534753482805e-16,2.236731901999974,3.762455717598498e-16,1e-09,s0
B,40,10.0,1.0,4.552281388155439,4.552281388155439,9.104562776310878,0.7,4,341,42,0.24153986430130642,0.23809523809523808,0.6900172240668315,12797,0,0.1985360355219607,0.5384615384615384,0.08406568397465074,0.07697990747346455,2.13818503616587e-16,3.23801525973924e-05,1.660962771415154e-05,2.4890265405932272e-05,2.3576595916559113e-05,3.153016276293602e-05,3.28337079942316e-17,4.781678577867859e-17,0.008538932473939009,0.008539031896431943,0.008506552321341617,True,True,False,True,A,5.447698066406943e-10,3.0992914959604167e-10,8.131811083690881e-09,1.6612960961753594e-05,1.6609654256575606e-05,1.6621947471793522e-05,1.0007417238877356,eps_transfer,1.0000000000000007e-09,1.0000000000000007e-09,1.142060724701235e-08,2.0509939884127694e-09,9.088230482365689e-10,1.632129157538269e-07,3.266261007768798e-16,2.2255316700000094,3.762455717598498e-16,1e-09,s0
B,40,10.0,1.0,4.552281388155439,4.552281388155439,9.104562776310878,0.7,5,341,42,0.24153986430130642,0.23809523809523808,0.6900172240668315,12797,0,0.13252541770437334,0.5384615384615384,0.04526613752481193,0.040548214098405394,1.955424153488884e-16,3.924929288164314e-06,2.0133201684178906e-06,3.3264142185487496e-06,3.6892311601199315e-06,5.659685033263067e-06,3.370802791198168e-17,4.828792876986353e-17,0.008538932473939009,0.008538958123954573,0.008535007544650844,True,True,False,True,A,5.447698066406943e-10,3.0992914959604167e-10,4.30684349918361e-10,2.013491753675575e-06,2.01334440868395e-06,2.0147771369817305e-06,1.0007236646146473,eps_transfer,1.0000000000000007e-09,1.0000000000000007e-09,1.142060724701235e-08,2.0509939884127694e-09,9.088230482365689e-10,1.632129157538269e-07,3.284295131174158e-16,2.181062437000037,3.762455717598498e-16,1e-09,s0
B,40,10.0,1.0,4.552281388155439,4.552281388155439,9.104562776310878,0.7,6,341,42,0.24153986430130642,0.23809523809523808,0.6900172240668315,12797,0,0.08846246119272351,0.5384615384615384,0.024374074051821806,0.021358270236124577,2.472613655339532e-16,7.064413083589623e-07,3.62374053008182e-07,5.419798885758619e-07,6.307812902573911e-07,8.125771836015974e-07,3.226727757710792e-17,4.491398269950955e-17,0.008538932473939009,0.008538934919389046,0.00853822603263065,True,True,False,True,A,5.447698066406943e-10,3.0992914959604167e-10,2.7714391523451506e-11,3.6236096219670526e-07,3.623713667489555e-07,3.6324337554446545e-07,1.0023989646307923,eps_transfer,1.0000000000000007e-09,1.0000000000000007e-09,1.142060724701235e-08,2.0509939884127694e-09,9.088230482365689e-10,1.632129157538269e-07,2.6885638031941763e-16,1.693852778000064,3.762455717598498e-16,1e-09,s0
B,40,10.0,1.0,4.552281388155439,4.552281388155439,9.104562776310878,0.8,2,341,37,0.27604555920149304,0.2702702702702703,0.7832627948866739,12797,0,0.3487348905944006,0.6666666666666667,0.44444444444444453,0.41440159653685293,2.380750196927479e-16,0.003914824698097894,0.0020081369476562666,0.002707251812196039,0.0027738236828935055,0.003859261442833303,3.158482297066705e-17,4.8814992920461796e-17,0.008538932473939009,0.00848093243969608,0.004624107775841115,True,True,False,True,A,5.447698066406943e-10,3.0992914959604167e-10,1.6943677752534827e-05,0.002015837458971976,0.002008137115196555,0.0020327819914234668,1.0122725911676311,eps_transfer,1.0000000000000007e-09,1.0000000000000007e-09,1.142060724701235e-08,2.0509939884127694e-09,9.088230482365689e-10,1.632129157538269e-07,3.191858278169456e-16,2.195707147000121,3.762455717598498e-16,1e-09,s0
B,40,10.0,1.0,4.552281388155439,4.552281388155439,9.104562776310878,0.8,3,341,37,0.27604555920149304,0.2702702702702703,0.7832627948866739,12797,0,0.20594113429698999,0.6666666666666667,0.2962962962962964,0.26676701537923597,1.733138858479423e-16,0.00041987136645149186,0.0002153759795793239,0.0003428094254041938,0.000335933887957203,0.00044414481904597915,3.514535849493673e-17,5.041999572765539e-17,0.008538932473939009,0.008538783241543182,0.008119061107487517,True,True,False,True,A,5.447698066406943e-10,3.0992914959604167e-10,5.862344480672045e-07,0.0002155946660800441,0.00021537612585622971,0.00021618175522706754,1.003741251226425,eps_transfer,1.0000000000000007e-09,1.0000000000000007e-09,1.142060724701235e-08,2.0509939884127694e-09,9.088230482365689e-10,1.632129157538269e-07,3.9045472704153135e-16,2.262809205999929,3.762455717598498e-16,1e-09,s0
B,40,10.0,1.0,4.552281388155439,4.552281388155439,9.104562776310878,0.8,4,341,37,0.27604555920149304,0.2702702702702703,0.7832627948866739,12797,0,0.12161602391788856,0.6666666666666667,0.19753086419753096,0.17172868321229262,2.25724680935414e-16,6.611077113559816e-05,3.391198646006967e-05,3.8984979357212526e-05,4.2651157511061914e-05,5.512119293300419e-05,3.169944634913096e-17,4.996987256781839e-17,0.008538932473939009,0.008539110865267374,0.008472821702803411,True,True,False,True,A,5.447698066406943e-10,3.0992914959604167e-10,2.858496692049238e-08,3.391121510980269e-05,3.391214918212585e-05,3.394065477567942e-05,1.0008453741170105,eps_transfer,1.0000000000000007e-09,1.0000000000000007e-09,1.142060724701235e-08,2.0509939884127694e-09,9.088230482365689e-10,1.632129157538269e-07,4.689031439604297e-16,2.3087950009999076,3.762455717598498e-16,1e-09,s0
B,40,10.0,1.0,4.552281388155439,4.552281388155439,9.104562776310878,0.8,5,341,37,0.27604555920149304,0.2702702702702703,0.7832627948866739,12797,0,0.07181885893794757,0.6666666666666667,0.13168724279835398,0.11054867707652657,2.560875606593765e-16,9.898243845615645e-06,5.077374011906519e-06,6.374163131205481e-06,6.71428748587484e-06,9.18191874384478e-06,3.715205562615314e-17,4.765963717933792e-17,0.008538932473939009,0.008538958311262354,0.008529034230093394,True,True,False,True,A,5.447698066406943e-10,3.0992914959604167e-10,1.8359943655485267e-09,5.076686134070448e-06,5.07754849575764e-06,5.079376827392233e-06,1.0003944589232578,eps_transfer,1.0000000000000007e-09,1.0000000000000007e-09,1.142060724701235e-08,2.0509939884127694e-09,9.088230482365689e-10,1.632129157538269e-07,4.462366478348772e-16,1.4632085490000009,3.762455717598498e-16,1e-09,s0
B,40,10.0,1.0,4.552281388155439,4.552281388155439,9.104562776310878,0.8,6,341,37,0.27604555920149304,0.2702702702702703,0.7832627948866739,12797,0,0.04241175079553087,0.6666666666666667,0.08779149519890267,0.07116464049434551,1.707927523693828e-16,1.6315141520718185e-06,8.368966945036825e-07,1.0979972597641936e-06,1.158388981152267e-06,1.5307438046449774e-06,3.882377855769614e-17,5.001317042125371e-17,0.008538932473939009,0.008538938439643446,0.008537300959786937,True,True,False,True,A,5.447698066406943e-10,3.0992914959604167e-10,1.777465122437559e-10,8.3694955528354e-07,8.370472273993663e-07,8.379820007520205e-07,1.0012968222427758,eps_transfer,1.0000000000000007e-09,1.0000000000000007e-09,1.142060724701235e-08,2.0509939884127694e-09,9.088230482365689e-10,1.632129157538269e-07,4.0550260501078945e-16,2.202684399999953,3.762455717598498e-16,1e-09,s0
